id,sport_id,country_id,nationality_id,city_id,position_id,detailed_position_id,type_id,common_name,firstname,lastname,name,display_name,image_path,height,weight,date_of_birth,gender
14,1,320,320,39500.0,221.0,226.0,25,D. Agger,Daniel Munthe,Agger,Daniel Munthe Agger,Daniel Agger,https://cdn.sportmonks.com/images/soccer/players/14/14.png,191.0,84.0,1984-12-12,male
21,1,455,455,,26.0,,26,L. Miller,Liam,Miller,Liam Miller,Liam Miller,https://cdn.sportmonks.com/images/soccer/players/21/21.png,170.0,66.0,1981-02-13,male
25,1,455,455,,27.0,,27,A. Stokes,Anthony,Stokes,Anthony Stokes,Anthony Stokes,https://cdn.sportmonks.com/images/soccer/players/25/25.png,180.0,70.0,1988-07-25,male
31,1,462,462,51663.0,,,27,J. Defoe,Jermain,Defoe,Jermain Defoe,Jermain Defoe,https://cdn.sportmonks.com/images/soccer/players/31/31.png,171.0,65.0,1982-10-07,male
35,1,1161,1161,,24.0,24.0,24,Craig Gordon,Craig,Gordon,Craig Gordon,Craig Gordon,https://cdn.sportmonks.com/images/soccer/players/3/35.png,193.0,85.0,1982-12-31,male
41,1,1161,1161,,26.0,,26,R. Wallace,Ross,Wallace,Ross Wallace,Ross Wallace,https://cdn.sportmonks.com/images/soccer/players/9/41.png,167.0,63.0,1985-05-23,male
49,1,320,320,,27.0,,27,N. Bendtner,Nicklas,Bendtner,Nicklas Bendtner,Nicklas Bendtner,https://cdn.sportmonks.com/images/soccer/players/17/49.png,193.0,84.0,1988-01-16,male
54,1,23,23,,25.0,,25,K. Touré,Kolo Habib,Touré,Kolo Habib Touré,Kolo Touré,https://cdn.sportmonks.com/images/soccer/players/22/54.png,180.0,74.0,1981-03-19,male
55,1,17,17,27786.0,25.0,,25,B. Mendy,Bernard,Mendy,Bernard Mendy,Bernard Mendy,https://cdn.sportmonks.com/images/soccer/players/23/55.png,180.0,77.0,1981-08-20,male
57,1,455,455,,27.0,,27,D. Murphy,Daryl,Murphy,Daryl Murphy,Daryl Murphy,https://cdn.sportmonks.com/images/soccer/players/25/57.png,191.0,88.0,1983-03-15,male
65,1,245,245,71229.0,,,27,R. Bednár,Roman,Bednár,Roman Bednár,Roman Bednar,https://cdn.sportmonks.com/images/soccer/players/1/65.png,185.0,78.0,1983-03-26,male
70,1,1161,1161,,25.0,,25,C. Beattie,Craig,Beattie,Craig Beattie,Craig Beattie,https://cdn.sportmonks.com/images/soccer/placeholder.png,183.0,73.0,1984-01-16,male
77,1,62,62,,25.0,,25,J. Djourou-Gbadjere,Johan Danon,Djourou-Gbadjere,Johan Danon Djourou-Gbadjere,Johan Djourou,https://cdn.sportmonks.com/images/soccer/players/13/77.png,191.0,87.0,1987-01-18,male
92,1,455,455,,221.0,,221,R. Keane,Robbie,Keane,Robbie Keane,R. Keane,https://cdn.sportmonks.com/images/soccer/players/28/92.png,175.0,72.0,1980-07-08,male
94,1,462,462,51663.0,27.0,,27,C. Cole Okirie,Carlton,Cole Okirie,Carlton Cole Okirie,Carlton Cole,https://cdn.sportmonks.com/images/soccer/placeholder.png,191.0,78.0,1983-10-12,male
106,1,17,23,67223.0,25.0,,25,A. Méïté,Abdoulaye,Méïté,Abdoulaye Méïté,Abdoulaye Meite,https://cdn.sportmonks.com/images/soccer/placeholder.png,185.0,82.0,1980-10-06,male
120,1,491,491,,24.0,,24,R. Carroll,Roy,Carroll,Roy Carroll,Roy Carroll,https://cdn.sportmonks.com/images/soccer/players/24/120.png,188.0,80.0,1977-09-30,male
135,1,17,1560,56253.0,25.0,,25,S. Mouyokolo,Steven,Mouyokolo,Steven Mouyokolo,Steven Mouyokolo,https://cdn.sportmonks.com/images/soccer/players/7/135.png,190.0,86.0,1987-01-24,male
136,1,462,462,,25.0,,25,A. Ferdinand,Anton,Ferdinand,Anton Ferdinand,Anton Ferdinand,https://cdn.sportmonks.com/images/soccer/players/8/136.png,183.0,71.0,1985-02-18,male
145,1,3483,3483,,25.0,,25,J. Spector,Jonathan,Spector,Jonathan Spector,Jonathan Spector,https://cdn.sportmonks.com/images/soccer/players/17/145.png,183.0,76.0,1986-03-01,male
147,1,17,17,49092.0,26.0,,26,J. Faubert,Julien,Faubert,Julien Faubert,Julien Faubert,https://cdn.sportmonks.com/images/soccer/players/19/147.png,180.0,75.0,1983-08-01,male
148,1,47,47,,,,221,F. Ljungberg,Fredrik,Ljungberg,Fredrik Ljungberg,Fredrik Ljungberg,https://cdn.sportmonks.com/images/soccer/placeholder.png,176.0,75.0,1977-04-16,male
159,1,200,200,21881.0,26.0,,26,A. Faye,Amdy Moustapha,Faye,Amdy Moustapha Faye,Amdy Faye,https://cdn.sportmonks.com/images/soccer/placeholder.png,184.0,78.0,1977-12-03,male
169,1,320,320,,24.0,24.0,24,K. Schmeichel,Kasper,Schmeichel,Kasper Schmeichel,Kasper Schmeichel,https://cdn.sportmonks.com/images/soccer/players/9/169.png,189.0,88.0,1986-11-05,male
180,1,462,462,7108.0,26.0,,27,S. Sinclair,Scott,Sinclair,Scott Sinclair,Scott Sinclair,https://cdn.sportmonks.com/images/soccer/players/20/180.png,177.0,69.0,1989-03-25,male
183,1,2228,2228,,,,221,J. Scotland,Jason Kelvin,Scotland,Jason Kelvin Scotland,Jason Scotland,https://cdn.sportmonks.com/images/soccer/players/23/183.png,173.0,73.0,1979-02-18,male
191,1,32,32,53253.0,221.0,,25,C. Cuéllar Jiménez,Carlos Javier,Cuéllar Jiménez,Carlos Javier Cuéllar Jiménez,Carlos Cuéllar,https://cdn.sportmonks.com/images/soccer/players/31/191.png,190.0,84.0,1981-08-23,male
195,1,224,224,58416.0,26.0,,26,S. Petrov,Stiliyan Alyoshev,Petrov,Stiliyan Alyoshev Petrov,Stiliyan Petrov,https://cdn.sportmonks.com/images/soccer/players/3/195.png,180.0,77.0,1979-05-07,male
207,1,462,462,86569.0,25.0,,25,A. Davies,Andrew,Davies,Andrew Davies,Andrew Davies,https://cdn.sportmonks.com/images/soccer/placeholder.png,188.0,82.0,1984-12-17,male
219,1,17,17,,27.0,,27,N. Kapo Obou,Narcisse-Olivier,Kapo Obou,Narcisse-Olivier Kapo Obou,Narcisse-Olivier Kapo Obou,https://cdn.sportmonks.com/images/soccer/placeholder.png,184.0,79.0,1980-09-27,male
260,1,200,200,21881.0,27.0,,27,E. Diouf,El-Hadji Ousseynou,Diouf,El-Hadji Ousseynou Diouf,El-Hadji Diouf,https://cdn.sportmonks.com/images/soccer/players/4/260.png,180.0,75.0,1981-01-15,male
261,1,1004,1004,11618.0,27.0,152.0,27,D. Hoilett,David Junior,Hoilett,David Junior Hoilett,Junior Hoilett,https://cdn.sportmonks.com/images/soccer/players/5/261.png,174.0,70.0,1990-06-05,male
269,1,320,320,64586.0,25.0,,25,L. Jacobsen,Lars Christian,Jacobsen,Lars Christian Jacobsen,Lars Jacobsen,https://cdn.sportmonks.com/images/soccer/players/13/269.png,181.0,76.0,1979-09-20,male
275,1,462,462,83084.0,24.0,24.0,24,J. Hart,Joe,Hart,Joe Hart,Joe Hart,https://cdn.sportmonks.com/images/soccer/players/19/275.png,196.0,91.0,1987-04-19,male
286,1,122,1233,,221.0,,221,S. Kuqi,Shefki,Kuqi,Shefki Kuqi,Shefki Kuqi,https://cdn.sportmonks.com/images/soccer/placeholder.png,188.0,88.0,1976-10-11,male
303,1,20,20,,26.0,,26,P. da Silva Mendes,Pedro Miguel,da Silva Mendes,Pedro Miguel da Silva Mendes,Pedro Mendes,https://cdn.sportmonks.com/images/soccer/placeholder.png,177.0,77.0,1979-02-26,male
319,1,47,47,,27.0,,27,J. Elmander,Johan,Elmander,Johan Elmander,Johan Elmander,https://cdn.sportmonks.com/images/soccer/players/31/319.png,188.0,90.0,1981-05-27,male
343,1,1161,1161,,,,221,L. McCulloch,Lee,McCulloch,Lee McCulloch,Lee McCulloch,https://cdn.sportmonks.com/images/soccer/players/23/343.png,185.0,83.0,1978-05-14,male
358,1,1161,1161,,,,221,G. Teale,Gary,Teale,Gary Teale,Gary Teale,https://cdn.sportmonks.com/images/soccer/placeholder.png,175.0,71.0,1978-07-21,male
363,1,462,1161,51090.0,25.0,,25,J. McEveley,Jay,McEveley,Jay McEveley,James McEveley,https://cdn.sportmonks.com/images/soccer/placeholder.png,186.0,84.0,1985-02-11,male
366,1,491,491,,221.0,,25,A. Hughes,Aaron,Hughes,Aaron Hughes,Aaron Hughes,https://cdn.sportmonks.com/images/soccer/players/14/366.png,183.0,70.0,1979-11-08,male
368,1,1578,1578,,25.0,,25,B. Hangeland,Brede,Hangeland,Brede Hangeland,Brede Hangeland,https://cdn.sportmonks.com/images/soccer/players/16/368.png,195.0,92.0,1981-06-20,male
383,1,2817,2817,4688.0,25.0,148.0,25,W. Reid,Winston,Reid,Winston Reid,Winston Reid,https://cdn.sportmonks.com/images/soccer/players/31/383.png,191.0,87.0,1988-07-03,male
385,1,1161,1161,,26.0,,26,S. Pearson,Stephen,Pearson,Stephen Pearson,Stephen Pearson,https://cdn.sportmonks.com/images/soccer/placeholder.png,185.0,70.0,1982-10-02,male
394,1,266,266,101419.0,26.0,,26,N. Kranjčar,Niko,Kranjčar,Niko Kranjčar,Niko Kranjčar,https://cdn.sportmonks.com/images/soccer/players/10/394.png,185.0,80.0,1984-08-13,male
412,1,1161,1161,,27.0,,27,J. McFadden,James,McFadden,James McFadden,James McFadden,https://cdn.sportmonks.com/images/soccer/players/28/412.png,178.0,79.0,1983-04-14,male
421,1,20,20,,27.0,,27,R. Vaz Té,Ricardo Jorge,Vaz Té,Ricardo Jorge Vaz Té,Ricardo Vaz Té,https://cdn.sportmonks.com/images/soccer/players/5/421.png,188.0,79.0,1986-10-01,male
437,1,455,455,,26.0,149.0,26,G. Whelan,Glenn,Whelan,Glenn Whelan,Glenn Whelan,https://cdn.sportmonks.com/images/soccer/players/21/437.png,180.0,79.0,1984-01-13,male
442,1,462,462,36858.0,26.0,,26,C. Eagles,Chris,Eagles,Chris Eagles,Chris Eagles,https://cdn.sportmonks.com/images/soccer/players/26/442.png,183.0,67.0,1985-11-19,male
447,1,1161,1161,,27.0,,27,S. Thompson,Steven,Thompson,Steven Thompson,Steven Thompson,https://cdn.sportmonks.com/images/soccer/placeholder.png,188.0,78.0,1978-10-14,male
464,1,1578,1578,8540.0,25.0,,25,C. Kalvenes,Christian,Kalvenes,Christian Kalvenes,Christian Kalvenes,https://cdn.sportmonks.com/images/soccer/players/16/464.png,182.0,77.0,1977-08-03,male
469,1,47,47,,221.0,,221,O. Mellberg,Olof,Mellberg,Olof Mellberg,Olof Mellberg,https://cdn.sportmonks.com/images/soccer/players/21/469.png,180.0,82.0,1977-09-03,male
473,1,462,1161,83084.0,27.0,151.0,27,S. Fletcher,Steven,Fletcher,Steven Fletcher,Steven Fletcher,https://cdn.sportmonks.com/images/soccer/players/25/473.png,185.0,76.0,1987-03-26,male
476,1,401,401,,24.0,,24,J. Mucha,Ján,Mucha,Ján Mucha,Ján Mucha,https://cdn.sportmonks.com/images/soccer/players/28/476.png,189.0,87.0,1982-12-05,male
483,1,491,491,,26.0,153.0,26,S. Davis,Steven,Davis,Steven Davis,Steven Davis,https://cdn.sportmonks.com/images/soccer/players/3/483.png,172.0,70.0,1985-01-01,male
485,1,593,593,24260.0,26.0,,26,E. Djemba-Djemba,Eric Daniel,Djemba-Djemba,Eric Daniel Djemba-Djemba,Eric Djemba-Djemba,https://cdn.sportmonks.com/images/soccer/players/5/485.png,174.0,75.0,1981-05-04,male
498,1,1161,1161,,26.0,153.0,26,J. McArthur,James,McArthur,James McArthur,James McArthur,https://cdn.sportmonks.com/images/soccer/players/18/498.png,178.0,75.0,1987-10-07,male
504,1,462,455,52758.0,25.0,,25,K. Foley,Kevin,Foley,Kevin Foley,Kevin Foley,https://cdn.sportmonks.com/images/soccer/players/24/504.png,181.0,79.0,1984-11-01,male
526,1,1161,455,,26.0,153.0,26,J. McCarthy,James,McCarthy,James McCarthy,James McCarthy,https://cdn.sportmonks.com/images/soccer/players/14/526.png,180.0,72.0,1990-11-12,male
527,1,462,462,17449.0,25.0,,25,G. Halford,Greg,Halford,Greg Halford,Greg Halford,https://cdn.sportmonks.com/images/soccer/players/15/527.png,193.0,85.0,1984-12-08,male
533,1,462,1161,74967.0,,,24,M. Gilks,Matt,Gilks,Matt Gilks,Matthew Gilks,https://cdn.sportmonks.com/images/soccer/players/21/533.png,185.0,81.0,1982-06-04,male
539,1,1161,1161,,,,26,C. Adam,Charlie,Adam,Charlie Adam,Charlie Adam,https://cdn.sportmonks.com/images/soccer/players/27/539.png,185.0,83.0,1985-12-10,male
551,1,3483,3483,,25.0,,25,C. Bocanegra,Carlos Manuel,Bocanegra,Carlos Manuel Bocanegra,Carlos Bocanegra,https://cdn.sportmonks.com/images/soccer/players/7/551.png,183.0,78.0,1979-05-25,male
553,1,17,200,67223.0,27.0,,27,D. Kamara,Diomansy,Kamara,Diomansy Kamara,Diomansy Kamara,https://cdn.sportmonks.com/images/soccer/placeholder.png,180.0,72.0,1980-11-08,male
554,1,32,32,6590.0,25.0,,25,R. Golobart Benet,Román,Golobart Benet,Román Golobart Benet,Román Golobart,https://cdn.sportmonks.com/images/soccer/players/10/554.png,193.0,87.0,1992-03-21,male
569,1,515,515,,26.0,153.0,26,A. Ramsey,Aaron,Ramsey,Aaron Ramsey,Aaron James Ramsey,https://cdn.sportmonks.com/images/soccer/players/25/569.png,178.0,76.0,1990-12-26,male
595,1,674,674,12970.0,24.0,24.0,24,Á. Bogdán,Ádám,Bogdán,Ádám Bogdán,Ádám Bogdán,https://cdn.sportmonks.com/images/soccer/players/19/595.png,194.0,92.0,1987-09-27,male
605,1,17,17,58838.0,,,25,G. Vignal,Gregory,Vignal,Gregory Vignal,Gregory Vignal,https://cdn.sportmonks.com/images/soccer/placeholder.png,,,1981-07-19,male
610,1,47,47,86542.0,25.0,,25,F. Stoor,Fredrik Olof Esaias,Stoor,Fredrik Olof Esaias Stoor,Fredrik Stoor,https://cdn.sportmonks.com/images/soccer/players/2/610.png,182.0,80.0,1984-02-28,male
613,1,1161,1161,,27.0,,27,G. O'Connor,Garry Lawrence,O'Connor,Garry Lawrence O'Connor,Garry O'Connor,https://cdn.sportmonks.com/images/soccer/placeholder.png,186.0,75.0,1983-05-07,male
629,1,462,462,85184.0,27.0,151.0,27,M. Waghorn,Martyn,Waghorn,Martyn Waghorn,Martyn Waghorn,https://cdn.sportmonks.com/images/soccer/players/21/629.png,177.0,83.0,1990-01-23,male
630,1,455,455,,221.0,221.0,24,C. Doyle,Colin,Doyle,Colin Doyle,Bo Wang,https://cdn.sportmonks.com/images/soccer/players/22/630.png,196.0,91.0,1985-06-12,male
635,1,1161,1161,,,,221,B. Ferguson,Barry,Ferguson,Barry Ferguson,Barry Ferguson,https://cdn.sportmonks.com/images/soccer/placeholder.png,178.0,74.0,1978-02-02,male
640,1,125,125,,27.0,,27,G. Samaras,Georgios,Samaras,Georgios Samaras,Georgios Samaras,https://cdn.sportmonks.com/images/soccer/players/0/640.png,193.0,82.0,1985-02-21,male
654,1,462,462,82625.0,24.0,,24,N. Weaver,Nicky,Weaver,Nicky Weaver,Nicky Weaver,https://cdn.sportmonks.com/images/soccer/placeholder.png,191.0,83.0,1979-03-02,male
657,1,491,491,,24.0,24.0,24,T. Carson,Trevor,Carson,Trevor Carson,Trevor Carson,https://cdn.sportmonks.com/images/soccer/players/17/657.png,185.0,85.0,1988-03-05,male
658,1,462,462,39491.0,,221.0,221,J. Barton,Joey,Barton,Joey Barton,Joey Barton,https://cdn.sportmonks.com/images/soccer/players/18/658.png,172.0,70.0,1982-09-02,male
661,1,462,462,36045.0,25.0,,25,D. Murphy,David,Murphy,David Murphy,David Murphy,https://cdn.sportmonks.com/images/soccer/players/21/661.png,183.0,84.0,1984-03-01,male
665,1,462,462,26908.0,25.0,,25,M. Duberry,Michael,Duberry,Michael Duberry,Michael Duberry,https://cdn.sportmonks.com/images/soccer/placeholder.png,186.0,94.0,1975-10-14,male
674,1,1161,1161,,,,25,C. Berra,Christophe,Berra,Christophe Berra,Christophe Berra,https://cdn.sportmonks.com/images/soccer/players/2/674.png,190.0,92.0,1985-01-31,male
686,1,17,17,58806.0,27.0,,27,C. Nadé,Christian,Nadé,Christian Nadé,Christian Nadé,https://cdn.sportmonks.com/images/soccer/placeholder.png,186.0,80.0,1984-09-18,male
694,1,1161,1161,,26.0,,26,G. Dorrans,Graham,Dorrans,Graham Dorrans,Graham Dorrans,https://cdn.sportmonks.com/images/soccer/players/22/694.png,175.0,73.0,1987-05-05,male
697,1,1161,1161,,,,221,C. Iwelumo,Chris,Iwelumo,Chris Iwelumo,Chris Iwelumo,https://cdn.sportmonks.com/images/soccer/placeholder.png,191.0,94.0,1978-08-01,male
701,1,11,11,35451.0,25.0,,25,L. Sowah,Lennard Adjetey,Sowah,Lennard Adjetey Sowah,Lennard Sowah,https://cdn.sportmonks.com/images/soccer/players/29/701.png,187.0,80.0,1992-08-23,male
707,1,1320,1320,44581.0,26.0,,26,Y. Mulumbu Ngangu,Youssouf Chafiq,Mulumbu Ngangu,Youssouf Chafiq Mulumbu Ngangu,Youssouf Chafiq Mulumbu Ngangu,https://cdn.sportmonks.com/images/soccer/players/3/707.png,177.0,65.0,1987-01-25,male
711,1,1578,1578,65809.0,27.0,,27,D. Omoya Braaten,Daniel,Omoya Braaten,Daniel Omoya Braaten,Daniel Braaten,https://cdn.sportmonks.com/images/soccer/players/7/711.png,184.0,94.0,1982-05-25,male
715,1,17,17,31591.0,27.0,,27,D. N'Gog,David,N'Gog,David N'Gog,David N'Gog,https://cdn.sportmonks.com/images/soccer/players/11/715.png,190.0,76.0,1989-04-01,male
717,1,462,462,86413.0,221.0,,26,J. Wilshere,Jack,Wilshere,Jack Wilshere,J. Wilshere,https://cdn.sportmonks.com/images/soccer/players/13/717.png,172.0,68.0,1992-01-01,male
734,1,320,320,,27.0,,27,H. Pedersen,Henrik,Pedersen,Henrik Pedersen,Henrik Pedersen,https://cdn.sportmonks.com/images/soccer/placeholder.png,185.0,84.0,1975-06-10,male
739,1,455,455,,27.0,,27,R. O'Donovan,Roy,O'Donovan,Roy O'Donovan,Roy O'Donovan,https://cdn.sportmonks.com/images/soccer/players/3/739.png,179.0,78.0,1985-08-10,male
749,1,462,462,,,,221,F. Jeffers,Francis,Jeffers,Francis Jeffers,Francis Jeffers,https://cdn.sportmonks.com/images/soccer/placeholder.png,175.0,74.0,1981-01-25,male
753,1,1638,1638,51149.0,27.0,163.0,26,H. Vučkič,Haris,Vučkič,Haris Vučkič,H. Vučkić,https://cdn.sportmonks.com/images/soccer/players/17/753.png,188.0,80.0,1992-08-21,male
758,1,462,462,11532.0,25.0,154.0,25,J. Tavernier,James,Tavernier,James Tavernier,James Tavernier,https://cdn.sportmonks.com/images/soccer/players/22/758.png,182.0,75.0,1991-10-31,male
762,1,1161,1161,,221.0,,221,G. Naysmith,Gary,Naysmith,Gary Naysmith,Gary Naysmith,https://cdn.sportmonks.com/images/soccer/placeholder.png,178.0,73.0,1978-11-16,male
763,1,3569,17,16191.0,27.0,,27,M. Fortuné,Marc-Antoine,Fortuné,Marc-Antoine Fortuné,Marc-Antoine Fortune,https://cdn.sportmonks.com/images/soccer/players/27/763.png,183.0,82.0,1981-07-02,male
765,1,462,462,101101.0,25.0,,25,M. Kilgallon,Matthew,Kilgallon,Matthew Kilgallon,Matthew Kilgallon,https://cdn.sportmonks.com/images/soccer/placeholder.png,188.0,80.0,1984-01-08,male
772,1,125,125,89847.0,27.0,151.0,27,A. Vellios,Apostolos,Vellios,Apostolos Vellios,Apostolos Vellios,https://cdn.sportmonks.com/images/soccer/players/4/772.png,191.0,79.0,1992-01-08,male
778,1,462,462,62163.0,25.0,,25,L. Laing,Louis,Laing,Louis Laing,Louis Laing,https://cdn.sportmonks.com/images/soccer/placeholder.png,188.0,76.0,1993-03-06,male
779,1,38,38,64971.0,27.0,,27,J. Vennegoor of Hesselink,Jan,Vennegoor of Hesselink,Jan Vennegoor of Hesselink,Jan Vennegoor of Hesselink,https://cdn.sportmonks.com/images/soccer/placeholder.png,191.0,85.0,1978-07-11,male
781,1,1161,1161,,221.0,,221,G. Caldwell,Gary,Caldwell,Gary Caldwell,G. Caldwell,https://cdn.sportmonks.com/images/soccer/placeholder.png,180.0,75.0,1982-04-12,male
782,1,320,320,,27.0,,27,D. Rommedahl,Dennis,Rommedahl,Dennis Rommedahl,Dennis Rommedahl,https://cdn.sportmonks.com/images/soccer/players/14/782.png,178.0,73.0,1978-07-22,male
787,1,462,462,85184.0,25.0,,25,B. Adams,Blair,Adams,Blair Adams,Blair Adams,https://cdn.sportmonks.com/images/soccer/players/19/787.png,180.0,72.0,1991-09-08,male
801,1,1161,1161,,27.0,,27,D. Goodwillie,David,Goodwillie,David Goodwillie,David Goodwillie,https://cdn.sportmonks.com/images/soccer/players/1/801.png,175.0,71.0,1989-03-28,male
803,1,462,33497,78328.0,27.0,,27,N. Blackman,Nick,Blackman,Nick Blackman,Nick Blackman,https://cdn.sportmonks.com/images/soccer/players/3/803.png,187.0,80.0,1989-11-11,male
807,1,1161,1161,,25.0,148.0,25,G. Hanley,Grant,Hanley,Grant Hanley,Grant Hanley,https://cdn.sportmonks.com/images/soccer/players/7/807.png,188.0,76.0,1991-11-20,male
813,1,712,712,,26.0,149.0,26,S. Ki,Sung-Yeung,Ki,Sung-Yeung Ki,Sung-yueng Ki,https://cdn.sportmonks.com/images/soccer/players/13/813.png,188.0,75.0,1989-01-24,male
814,1,1796,1796,,26.0,150.0,26,G. Sigurðsson,Gylfi Þór,Sigurðsson,Gylfi Þór Sigurðsson,Gylfi Sigurdsson,https://cdn.sportmonks.com/images/soccer/players/14/814.png,186.0,79.0,1989-09-08,male
816,1,462,462,53964.0,221.0,221.0,25,T. Blackett,Tyler,Blackett,Tyler Blackett,Tyler Blackett,https://cdn.sportmonks.com/images/soccer/players/16/816.png,183.0,87.0,1994-04-02,male
837,1,462,462,51663.0,25.0,,25,M. Anderson,Myles,Anderson,Myles Anderson,Myles Anderson,https://cdn.sportmonks.com/images/soccer/players/5/837.png,183.0,80.0,1990-01-09,male
838,1,251,251,23048.0,24.0,24.0,24,V. Mannone,Vito,Mannone,Vito Mannone,Vito Mannone,https://cdn.sportmonks.com/images/soccer/players/6/838.png,188.0,73.0,1988-03-02,male
842,1,32,32,51355.0,25.0,148.0,25,M. Muniesa Martínez,Marc,Muniesa Martínez,Marc Muniesa Martínez,Marc Muniesa,https://cdn.sportmonks.com/images/soccer/players/10/842.png,180.0,75.0,1992-03-27,male
843,1,38,38,8983.0,24.0,,24,D. de Vries,Dorus,de Vries,Dorus de Vries,Dorus De Vries,https://cdn.sportmonks.com/images/soccer/players/11/843.png,186.0,85.0,1980-12-29,male
848,1,462,462,51090.0,26.0,,26,A. Hammill,Adam,Hammill,Adam Hammill,Adam Hammill,https://cdn.sportmonks.com/images/soccer/players/16/848.png,180.0,73.0,1988-01-25,male
850,1,462,462,70975.0,26.0,153.0,26,A. Oxlade-Chamberlain,Alex,Oxlade-Chamberlain,Alex Oxlade-Chamberlain,Alex Oxlade-Chamberlain,https://cdn.sportmonks.com/images/soccer/players/18/850.png,180.0,70.0,1993-08-15,male
858,1,47,47,36843.0,27.0,,156,A. Kačaniklić,Alexander,Kačaniklić,Alexander Kačaniklić,Alexander Kačaniklić,https://cdn.sportmonks.com/images/soccer/players/26/858.png,181.0,66.0,1991-08-13,male
864,1,62,62,,25.0,,25,P. Senderos,Philippe,Senderos,Philippe Senderos,Philippe Senderos,https://cdn.sportmonks.com/images/soccer/players/0/864.png,190.0,84.0,1985-02-14,male
870,1,1161,1161,,27.0,156.0,26,R. Snodgrass,Robert,Snodgrass,Robert Snodgrass,Robert Snodgrass,https://cdn.sportmonks.com/images/soccer/players/6/870.png,182.0,82.0,1987-09-07,male
890,1,462,462,76870.0,24.0,24.0,24,J. Ruddy,John,Ruddy,John Ruddy,John Ruddy,https://cdn.sportmonks.com/images/soccer/players/26/890.png,192.0,96.0,1986-10-24,male
897,1,462,462,53964.0,25.0,148.0,25,K. Bartley,Kyle,Bartley,Kyle Bartley,Kyle Bartley,https://cdn.sportmonks.com/images/soccer/players/1/897.png,194.0,76.0,1991-05-22,male
904,1,462,1161,12190.0,221.0,221.0,221,R. Martin,Russell,Martin,Russell Martin,Russell Martin,https://cdn.sportmonks.com/images/soccer/players/8/904.png,183.0,74.0,1986-01-04,male
905,1,1161,455,,26.0,,26,A. McGeady,Aiden,McGeady,Aiden McGeady,Aiden McGeady,https://cdn.sportmonks.com/images/soccer/players/9/905.png,180.0,71.0,1986-04-04,male
912,1,1161,1161,,27.0,,27,S. Naismith,Steven,Naismith,Steven Naismith,Steven Naismith,https://cdn.sportmonks.com/images/soccer/players/16/912.png,178.0,72.0,1986-09-14,male
917,1,462,1985,51663.0,25.0,,25,M. Briggs,Matthew,Briggs,Matthew Briggs,Matthew Briggs,https://cdn.sportmonks.com/images/soccer/players/21/917.png,184.0,76.0,1991-03-06,male
927,1,11,468,35451.0,26.0,157.0,25,J. Schlupp,Jeffrey,Schlupp,Jeffrey Schlupp,Jeffrey Schlupp,https://cdn.sportmonks.com/images/soccer/players/31/927.png,178.0,72.0,1992-12-23,male
950,1,320,320,,25.0,,25,T. Ulrich Okore,Tetchi Jores Charlemagne,Ulrich Okore,Tetchi Jores Charlemagne Ulrich Okore,Jores Okore,https://cdn.sportmonks.com/images/soccer/players/22/950.png,183.0,87.0,1992-08-11,male
954,1,320,320,87788.0,27.0,151.0,27,N. Helenius,Nicklas,Helenius,Nicklas Helenius,Nicklas Helenius,https://cdn.sportmonks.com/images/soccer/players/26/954.png,196.0,85.0,1991-05-08,male
956,1,462,515,6776.0,26.0,153.0,26,A. King,Andy,King,Andy King,Andy King,https://cdn.sportmonks.com/images/soccer/players/28/956.png,184.0,79.0,1988-10-29,male
960,1,224,224,26425.0,27.0,,27,A. Tonev,Aleksandar,Tonev,Aleksandar Tonev,Aleksandăr Tonev,https://cdn.sportmonks.com/images/soccer/players/0/960.png,178.0,69.0,1990-02-03,male
965,1,1161,1161,,,,25,S. Whittaker,Steven,Whittaker,Steven Whittaker,Steven Whittaker,https://cdn.sportmonks.com/images/soccer/players/5/965.png,185.0,87.0,1984-06-16,male
966,1,1161,1161,,26.0,,26,S. Lappin,Simon,Lappin,Simon Lappin,Simon Lappin,https://cdn.sportmonks.com/images/soccer/players/6/966.png,180.0,60.0,1983-01-25,male
978,1,462,462,51090.0,,,25,J. Flanagan,Jon,Flanagan,Jon Flanagan,Jon Flanagan,https://cdn.sportmonks.com/images/soccer/players/18/978.png,181.0,79.0,1993-01-01,male
980,1,38,7437,90304.0,26.0,,26,K. Agustien,Kemy,Agustien,Kemy Agustien,Kemy Agustien,https://cdn.sportmonks.com/images/soccer/placeholder.png,178.0,75.0,1986-08-20,male
983,1,266,266,,,,27,N. Jelavić,Nikica,Jelavić,Nikica Jelavić,Nikica Jelavić,https://cdn.sportmonks.com/images/soccer/players/23/983.png,188.0,88.0,1985-08-27,male
987,1,462,462,51090.0,25.0,,25,C. Hill,Clint,Hill,Clint Hill,Clint Hill,https://cdn.sportmonks.com/images/soccer/players/27/987.png,182.0,72.0,1978-10-19,male
1040,1,462,462,11532.0,26.0,153.0,26,J. Butterfield,Jacob,Butterfield,Jacob Butterfield,Jacob Butterfield,https://cdn.sportmonks.com/images/soccer/players/16/1040.png,180.0,77.0,1990-06-10,male
1041,1,462,491,63475.0,,,25,A. Bruce,Alex,Bruce,Alex Bruce,Alex Bruce,https://cdn.sportmonks.com/images/soccer/players/17/1041.png,180.0,73.0,1984-09-28,male
1048,1,2,2,83327.0,,,24,A. Boruc,Artur,Boruc,Artur Boruc,Artur Boruc,https://cdn.sportmonks.com/images/soccer/players/24/1048.png,193.0,87.0,1980-02-20,male
1056,1,462,5724,51663.0,25.0,148.0,25,S. Caulker,Steven Roy,Caulker,Steven Roy Caulker,Steven Caulker,https://cdn.sportmonks.com/images/soccer/players/0/1056.png,191.0,76.0,1991-12-29,male
1066,1,462,462,,25.0,,25,A. Tate,Alan,Tate,Alan Tate,Alan Tate,https://cdn.sportmonks.com/images/soccer/placeholder.png,185.0,84.0,1982-09-02,male
1069,1,1161,1161,,24.0,24.0,24,A. McGregor,Allan,McGregor,Allan McGregor,Allan McGregor,https://cdn.sportmonks.com/images/soccer/players/13/1069.png,183.0,74.0,1982-01-31,male
1073,1,462,462,86553.0,27.0,151.0,27,A. Le Fondre,Adam,Le Fondre,Adam Le Fondre,Adam Le Fondre,https://cdn.sportmonks.com/images/soccer/placeholder.png,180.0,73.0,1986-12-02,male
1078,1,1161,1161,32192.0,25.0,155.0,25,A. Robertson,Andrew,Robertson,Andrew Robertson,Andrew Robertson,https://cdn.sportmonks.com/images/soccer/players/22/1078.png,178.0,64.0,1994-03-11,male
1080,1,455,455,,221.0,,221,N. Hunt,Noel,Hunt,Noel Hunt,Noel Hunt,https://cdn.sportmonks.com/images/soccer/players/24/1080.png,173.0,74.0,1982-12-26,male
1105,1,462,716,51663.0,27.0,156.0,26,O. Aluko,Omatsone Folarin,Aluko,Omatsone Folarin Aluko,Sone Aluko,https://cdn.sportmonks.com/images/soccer/players/17/1105.png,173.0,62.0,1989-02-19,male
1111,1,200,200,,25.0,,25,P. N'Diaye Souaré,Pape,N'Diaye Souaré,Pape N'Diaye Souaré,Pape Souaré,https://cdn.sportmonks.com/images/soccer/players/23/1111.png,178.0,69.0,1990-06-06,male
1114,1,47,47,54689.0,27.0,156.0,27,D. Moberg-Karlsson,David,Moberg-Karlsson,David Moberg-Karlsson,David Baltase,https://cdn.sportmonks.com/images/soccer/players/26/1114.png,179.0,74.0,1994-03-20,male
1122,1,462,462,52105.0,27.0,,27,G. Hooper,Gary,Hooper,Gary Hooper,Gary Hooper,https://cdn.sportmonks.com/images/soccer/players/2/1122.png,177.0,71.0,1988-01-26,male
1130,1,462,515,2483.0,27.0,,27,S. Church,Simon,Church,Simon Church,Simon Church,https://cdn.sportmonks.com/images/soccer/players/10/1130.png,183.0,84.0,1988-12-10,male
1134,1,455,455,,27.0,151.0,27,C. Sammon,Conor,Sammon,Conor Sammon,Conor Sammon,https://cdn.sportmonks.com/images/soccer/players/14/1134.png,188.0,80.0,1986-11-06,male
1138,1,32,32,,25.0,,25,A. López Rodríguez,Adrián,López Rodríguez,Adrián López Rodríguez,Piscu,https://cdn.sportmonks.com/images/soccer/players/18/1138.png,184.0,75.0,1987-02-25,male
1142,1,1161,1161,,26.0,,26,J. Ness,Jamie,Ness,Jamie Ness,Jamie Ness,https://cdn.sportmonks.com/images/soccer/placeholder.png,177.0,72.0,1991-03-02,male
1144,1,491,491,,221.0,,25,G. McAuley,Gareth,McAuley,Gareth McAuley,Gareth McAuley,https://cdn.sportmonks.com/images/soccer/players/24/1144.png,191.0,90.0,1979-12-05,male
1172,1,1179,1179,60614.0,26.0,149.0,26,V. Wanyama,Victor,Wanyama,Victor Wanyama,Victor Wanyama,https://cdn.sportmonks.com/images/soccer/players/20/1172.png,184.0,80.0,1991-06-25,male
1179,1,462,462,51663.0,27.0,151.0,27,D. Gayle,Dwight,Gayle,Dwight Gayle,Dwight Gayle,https://cdn.sportmonks.com/images/soccer/players/27/1179.png,174.0,78.0,1989-10-17,male
1192,1,1640,1004,44509.0,27.0,,27,S. Jackson,Simeon,Jackson,Simeon Jackson,Simeon Jackson,https://cdn.sportmonks.com/images/soccer/players/8/1192.png,173.0,72.0,1987-03-28,male
1201,1,515,515,,25.0,154.0,25,A. Matthews,Adam,Matthews,Adam Matthews,Adam Matthews,https://cdn.sportmonks.com/images/soccer/players/17/1201.png,178.0,71.0,1992-01-13,male
1207,1,38,38,,25.0,,25,J. Hooiveld,Jos,Hooiveld,Jos Hooiveld,Jos Hooiveld,https://cdn.sportmonks.com/images/soccer/players/23/1207.png,193.0,86.0,1983-04-22,male
1214,1,462,462,99222.0,,,27,N. Maynard,Nicky,Maynard,Nicky Maynard,Nicky Maynard,https://cdn.sportmonks.com/images/soccer/placeholder.png,180.0,70.0,1986-12-11,male
1217,1,17,23,65653.0,25.0,,25,G. Demel,Guy Roland,Demel,Guy Roland Demel,Guy Demel,https://cdn.sportmonks.com/images/soccer/players/1/1217.png,188.0,88.0,1981-06-13,male
1226,1,1161,1161,,221.0,221.0,24,D. Marshall,David,Marshall,David Marshall,Txiki Acaz,https://cdn.sportmonks.com/images/soccer/players/10/1226.png,187.0,83.0,1985-03-05,male
1233,1,515,515,,25.0,155.0,25,D. John,Declan,John,Declan John,Declan John,https://cdn.sportmonks.com/images/soccer/players/17/1233.png,178.0,75.0,1995-06-30,male
1238,1,125,125,101460.0,25.0,154.0,26,C. Mavrias,Charalampos,Mavrias,Charalampos Mavrias,Charalampos Mavrias,https://cdn.sportmonks.com/images/soccer/players/22/1238.png,178.0,,1994-02-21,male
1241,1,462,462,37359.0,24.0,24.0,24,F. Forster,Fraser,Forster,Fraser Forster,Fraser Forster,https://cdn.sportmonks.com/images/soccer/players/25/1241.png,201.0,93.0,1988-03-17,male
1256,1,1739,1739,,25.0,155.0,25,B. Oviedo,Bryan,Oviedo,Bryan Oviedo,Bryan Oviedo,https://cdn.sportmonks.com/images/soccer/players/8/1256.png,172.0,60.0,1990-02-18,male
1264,1,1161,1161,,221.0,,26,D. Cowie,Don,Cowie,Don Cowie,D. Cowie,https://cdn.sportmonks.com/images/soccer/players/16/1264.png,178.0,74.0,1983-02-15,male
1265,1,462,462,13590.0,24.0,24.0,24,J. Lewis,Joe,Lewis,Joe Lewis,Joe Lewis,https://cdn.sportmonks.com/images/soccer/players/17/1265.png,198.0,85.0,1987-10-06,male
1282,1,38,38,36614.0,26.0,,26,R. van der Vaart,Rafael,van der Vaart,Rafael van der Vaart,Rafael van der Vaart,https://cdn.sportmonks.com/images/soccer/players/2/1282.png,176.0,74.0,1983-02-11,male
1298,1,462,462,51090.0,27.0,151.0,27,C. McAleny,Conor,McAleny,Conor McAleny,Conor McAleny,https://cdn.sportmonks.com/images/soccer/players/18/1298.png,178.0,78.0,1992-08-12,male
1334,1,3995,1161,57678.0,,,26,S. Maloney,Shaun,Maloney,Shaun Maloney,Shaun Maloney,https://cdn.sportmonks.com/images/soccer/players/22/1334.png,170.0,70.0,1983-01-24,male
1337,1,515,515,,26.0,,26,J. Ledley,Joe,Ledley,Joe Ledley,Joe Ledley,https://cdn.sportmonks.com/images/soccer/players/25/1337.png,183.0,73.0,1987-01-23,male
1364,1,1161,1161,,24.0,,24,N. Alexander,Neil,Alexander,Neil Alexander,Neil Alexander,https://cdn.sportmonks.com/images/soccer/placeholder.png,185.0,73.0,1978-03-10,male
1381,1,462,1161,99222.0,25.0,,25,D. Fox,Danny,Fox,Danny Fox,Danny Fox,https://cdn.sportmonks.com/images/soccer/players/5/1381.png,183.0,79.0,1986-05-29,male
1394,1,1640,1640,44509.0,27.0,152.0,26,R. Aarons,Rolando,Aarons,Rolando Aarons,Rolando Aarons,https://cdn.sportmonks.com/images/soccer/players/18/1394.png,178.0,76.0,1995-11-16,male
1414,1,462,515,62163.0,25.0,155.0,25,P. Dummett,Paul,Dummett,Paul Dummett,Paul Dummett,https://cdn.sportmonks.com/images/soccer/players/6/1414.png,183.0,82.0,1991-09-26,male
1415,1,455,455,,25.0,148.0,25,S. Duffy,Shane,Duffy,Shane Duffy,Shane Duffy,https://cdn.sportmonks.com/images/soccer/players/7/1415.png,193.0,76.0,1992-01-01,male
1424,1,462,462,6776.0,25.0,,25,D. Seaborne,Danny,Seaborne,Danny Seaborne,Daniel Seaborne,https://cdn.sportmonks.com/images/soccer/placeholder.png,183.0,74.0,1987-03-05,male
1434,1,17,614,58854.0,26.0,153.0,26,M. Abeid,Mehdi,Abeid,Mehdi Abeid,M. Abeid,https://cdn.sportmonks.com/images/soccer/players/26/1434.png,178.0,77.0,1992-08-06,male
1439,1,556,556,,221.0,226.0,25,A. Boyata,Anga Dedryck,Boyata,Anga Dedryck Boyata,Germán Gonzalo Cabrera,https://cdn.sportmonks.com/images/soccer/players/31/1439.png,188.0,84.0,1990-11-28,male
1442,1,1161,1004,,26.0,153.0,26,S. Arfield,Scott,Arfield,Scott Arfield,Scott Arfield,https://cdn.sportmonks.com/images/soccer/players/2/1442.png,178.0,70.0,1988-11-01,male
1447,1,462,462,85225.0,27.0,151.0,27,Lukas Jutkiewicz,Lukas,Jutkiewicz,Lukas Jutkiewicz,Lukas Jutkiewicz,https://cdn.sportmonks.com/images/soccer/players/7/1447.png,185.0,76.0,1989-03-28,male
1449,1,455,455,,24.0,24.0,24,D. Randolph,Darren,Randolph,Darren Randolph,Darren Randolph,https://cdn.sportmonks.com/images/soccer/players/9/1449.png,187.0,98.0,1987-05-12,male
1462,1,462,462,12268.0,24.0,24.0,24,J. Butland,Jack,Butland,Jack Butland,Jack Butland,https://cdn.sportmonks.com/images/soccer/players/22/1462.png,196.0,95.0,1993-03-10,male
1487,1,556,556,,25.0,,25,J. Denayer,Jason,Denayer,Jason Denayer,Jason Denayer,https://cdn.sportmonks.com/images/soccer/players/15/1487.png,184.0,70.0,1995-06-28,male
1488,1,716,716,66263.0,27.0,151.0,27,K. Iheanacho,Kelechi Promise,Iheanacho,Kelechi Promise Iheanacho,Kelechi Iheanacho,https://cdn.sportmonks.com/images/soccer/players/16/1488.png,185.0,82.0,1996-10-03,male
1512,1,821,821,13134.0,26.0,149.0,26,G. Bigirimana,Gaël,Bigirimana,Gaël Bigirimana,Gaël Bigirimana,https://cdn.sportmonks.com/images/soccer/players/8/1512.png,173.0,71.0,1993-10-22,male
1573,1,468,468,312.0,25.0,148.0,26,D. Amartey,Daniel,Amartey,Daniel Amartey,Daniel Amartey,https://cdn.sportmonks.com/images/soccer/players/5/1573.png,186.0,79.0,1994-12-21,male
1577,1,2,2,,,,221,M. Saganowski,Marek,Saganowski,Marek Saganowski,Marek Saganowski,https://cdn.sportmonks.com/images/soccer/players/9/1577.png,178.0,81.0,1978-10-31,male
1591,1,2817,2817,,27.0,,27,R. Fallon,Rory,Fallon,Rory Fallon,Rory Fallon,https://cdn.sportmonks.com/images/soccer/players/23/1591.png,193.0,74.0,1982-03-20,male
1595,1,462,462,,25.0,,25,I. Iriekpen,Izzy,Iriekpen,Izzy Iriekpen,Izzy Iriekpen,https://cdn.sportmonks.com/images/soccer/placeholder.png,185.0,77.0,1982-05-14,male
1600,1,462,462,62218.0,,221.0,221,L. Johnson,Lee,Johnson,Lee Johnson,Lee Johnson,https://cdn.sportmonks.com/images/soccer/placeholder.png,168.0,66.0,1981-06-07,male
1612,1,1161,1161,,27.0,,27,K. Kyle,Kevin Alistair,Kyle,Kevin Alistair Kyle,Kevin Kyle,https://cdn.sportmonks.com/images/soccer/placeholder.png,193.0,83.0,1981-06-07,male
1621,1,455,455,,221.0,221.0,221,J. Goodwin,Jim,Goodwin,Jim Goodwin,J. Goodwin,https://cdn.sportmonks.com/images/soccer/placeholder.png,175.0,77.0,1981-11-20,male
1628,1,1161,1161,,25.0,155.0,25,S. Kingsley,Stephen,Kingsley,Stephen Kingsley,Stephen Kingsley,https://cdn.sportmonks.com/images/soccer/players/28/1628.png,178.0,67.0,1994-07-23,male
1661,1,2088,38,67136.0,27.0,,27,M. de Vries,Mark,de Vries,Mark de Vries,Mark de Vries,https://cdn.sportmonks.com/images/soccer/placeholder.png,191.0,87.0,1975-08-24,male
1664,1,146,1161,,26.0,,26,B. O'Brien,Burton,O'Brien,Burton O'Brien,Burton O'Brien,https://cdn.sportmonks.com/images/soccer/placeholder.png,178.0,74.0,1981-06-10,male
1702,1,455,455,,,,27,S. Elliott,Stephen,Elliott,Stephen Elliott,Stephen Elliott,https://cdn.sportmonks.com/images/soccer/placeholder.png,176.0,74.0,1984-01-06,male
1712,1,3483,3483,,25.0,148.0,25,C. Carter-Vickers,Cameron,Carter-Vickers,Cameron Carter-Vickers,Cameron Carter-Vickers,https://cdn.sportmonks.com/images/soccer/players/16/1712.png,183.0,92.0,1997-12-31,male
1713,1,5618,5618,82736.0,26.0,149.0,26,Z. Zheng,Zhi,Zheng,Zhi Zheng,Zhi Zheng,https://cdn.sportmonks.com/images/soccer/players/17/1713.png,180.0,75.0,1980-08-20,male
1715,1,491,491,,27.0,,27,S. Jones,Steve,Jones,Steve Jones,Steve Jones,https://cdn.sportmonks.com/images/soccer/placeholder.png,178.0,65.0,1976-10-25,male
1724,1,1161,1161,,221.0,,221,G. Rae,Gavin,Rae,Gavin Rae,Gavin Rae,https://cdn.sportmonks.com/images/soccer/players/28/1724.png,180.0,65.0,1977-11-28,male
1730,1,17,17,13977.0,25.0,,25,Y. Mawene,Youl,Mawene,Youl Mawene,Youl Mawene,https://cdn.sportmonks.com/images/soccer/placeholder.png,186.0,83.0,1979-07-16,male
1738,1,320,320,,,,26,V. Fischer,Viktor,Fischer,Viktor Fischer,Viktor Fischer,https://cdn.sportmonks.com/images/soccer/players/10/1738.png,181.0,80.0,1994-06-09,male
1740,1,320,320,87469.0,24.0,24.0,24,J. Haugaard,Jakob,Haugaard,Jakob Haugaard,Jakob Haugaard,https://cdn.sportmonks.com/images/soccer/players/12/1740.png,199.0,87.0,1992-05-01,male
1742,1,1161,1161,,221.0,221.0,221,C. Davidson,Callum,Davidson,Callum Davidson,Callum Davidson,https://cdn.sportmonks.com/images/soccer/players/14/1742.png,177.0,84.0,1976-06-25,male
1743,1,38,38,11824.0,25.0,,25,V. van Dijk,Virgil,van Dijk,Virgil van Dijk,Virgil van Dijk,https://cdn.sportmonks.com/images/soccer/players/15/1743.png,195.0,92.0,1991-07-08,male
1757,1,462,462,73429.0,26.0,,26,T. Soares,Tom,Soares,Tom Soares,Tom Soares,https://cdn.sportmonks.com/images/soccer/players/29/1757.png,183.0,72.0,1986-07-10,male
1788,1,1161,1161,,,,221,B. Nicholson,Barry,Nicholson,Barry Nicholson,Barry Nicholson,https://cdn.sportmonks.com/images/soccer/players/28/1788.png,170.0,58.0,1978-08-24,male
1799,1,462,462,53964.0,27.0,156.0,26,D. Watmore,Duncan,Watmore,Duncan Watmore,Duncan Watmore,https://cdn.sportmonks.com/images/soccer/players/7/1799.png,175.0,,1994-03-08,male
1836,1,491,491,,27.0,,27,K. Lafferty,Kyle,Lafferty,Kyle Lafferty,Kyle Lafferty,https://cdn.sportmonks.com/images/soccer/players/12/1836.png,193.0,71.0,1987-09-16,male
1840,1,1161,1161,,26.0,149.0,26,K. McDonald,Kevin,McDonald,Kevin McDonald,K. McDonald,https://cdn.sportmonks.com/images/soccer/players/16/1840.png,192.0,95.0,1988-11-04,male
1844,1,462,462,6997.0,27.0,,27,R. Vine,Rowan,Vine,Rowan Vine,Rowan Vine,https://cdn.sportmonks.com/images/soccer/players/20/1844.png,185.0,75.0,1983-09-21,male
1854,1,245,245,,25.0,,25,R. Skacel,Rudolf,Skacel,Rudolf Skacel,Rudolf Skacel,https://cdn.sportmonks.com/images/soccer/placeholder.png,177.0,77.0,1979-07-17,male
1874,1,320,320,,27.0,,27,K. Christensen,Kim,Christensen,Kim Christensen,Kim Christensen,https://cdn.sportmonks.com/images/soccer/placeholder.png,191.0,,1980-08-05,male
1898,1,320,320,,27.0,,27,M. Nygaard,Marc Stephen Griffith,Nygaard,Marc Stephen Griffith Nygaard,Marc Nygaard,https://cdn.sportmonks.com/images/soccer/placeholder.png,196.0,94.0,1976-09-01,male
1912,1,462,462,53964.0,27.0,,27,S. Vernon,Scott,Vernon,Scott Vernon,Scott Vernon,https://cdn.sportmonks.com/images/soccer/players/24/1912.png,185.0,73.0,1983-12-13,male
1919,1,462,462,51663.0,27.0,,27,D. Haynes,Danny,Haynes,Danny Haynes,Danny Haynes,https://cdn.sportmonks.com/images/soccer/placeholder.png,180.0,78.0,1988-01-19,male
1934,1,462,462,33869.0,,,221,A. Sodje,Akpo,Sodje,Akpo Sodje,Akpo Sodje,https://cdn.sportmonks.com/images/soccer/placeholder.png,188.0,79.0,1980-01-31,male
1935,1,491,491,,26.0,,221,I. Sproule,Ivan,Sproule,Ivan Sproule,Ivan Sproule,https://cdn.sportmonks.com/images/soccer/placeholder.png,173.0,74.0,1981-02-18,male
1945,1,38,38,89377.0,25.0,,25,R. van der Schaaf,Remco,van der Schaaf,Remco van der Schaaf,Remco van der Schaaf,https://cdn.sportmonks.com/images/soccer/placeholder.png,186.0,77.0,1979-02-28,male
1967,1,462,462,51663.0,25.0,,25,L. Fontaine,Liam,Fontaine,Liam Fontaine,Liam Fontaine,https://cdn.sportmonks.com/images/soccer/players/15/1967.png,180.0,74.0,1986-01-07,male
1973,1,320,320,,25.0,,25,M. Albrechtsen,Martin,Albrechtsen,Martin Albrechtsen,Martin Albrechtsen,https://cdn.sportmonks.com/images/soccer/players/21/1973.png,188.0,90.0,1980-03-31,male
2026,1,462,462,98715.0,27.0,,27,L. Croft,Lee,Croft,Lee Croft,Lee Croft,https://cdn.sportmonks.com/images/soccer/players/10/2026.png,175.0,81.0,1985-06-21,male
2028,1,462,455,51663.0,24.0,,24,G. Stack,Graham,Stack,Graham Stack,Graham Stack,https://cdn.sportmonks.com/images/soccer/placeholder.png,188.0,79.0,1981-09-26,male
2035,1,1161,1161,,26.0,,26,C. Clark,Chris,Clark,Chris Clark,Chris Clark,https://cdn.sportmonks.com/images/soccer/placeholder.png,173.0,71.0,1980-09-15,male
2036,1,1161,1161,,,,221,J. Paterson,Jim,Paterson,Jim Paterson,Jim Paterson,https://cdn.sportmonks.com/images/soccer/placeholder.png,175.0,81.0,1979-09-25,male
2077,1,462,462,68099.0,,,221,L. Guy,Lewis,Guy,Lewis Guy,Lewis Guy,https://cdn.sportmonks.com/images/soccer/placeholder.png,175.0,66.0,1985-08-22,male
2084,1,462,462,51090.0,27.0,,27,S. Davies,Steve,Davies,Steve Davies,Steven Davies,https://cdn.sportmonks.com/images/soccer/players/4/2084.png,185.0,73.0,1987-12-29,male
2086,1,1161,1161,,26.0,153.0,26,M. Woods,Martin,Woods,Martin Woods,Martin Woods,https://cdn.sportmonks.com/images/soccer/players/6/2086.png,175.0,78.0,1986-01-01,male
2091,1,462,1161,63537.0,26.0,,26,K. Commons,Kris,Commons,Kris Commons,Kris Commons,https://cdn.sportmonks.com/images/soccer/players/11/2091.png,168.0,60.0,1983-08-30,male
2125,1,462,1640,9576.0,27.0,,27,T. Robinson,Theo,Robinson,Theo Robinson,Theo Robinson,https://cdn.sportmonks.com/images/soccer/players/13/2125.png,175.0,64.0,1989-01-22,male
2126,1,462,716,44255.0,,,221,E. Showunmi,Enoch Olusesan,Showunmi,Enoch Olusesan Showunmi,Enoch Showunmi,https://cdn.sportmonks.com/images/soccer/placeholder.png,196.0,93.0,1982-04-21,male
2151,1,1161,1161,,26.0,,26,M. Fotheringham,Mark,Fotheringham,Mark Fotheringham,Mark Fotheringham,https://cdn.sportmonks.com/images/soccer/placeholder.png,178.0,76.0,1983-10-22,male
2157,1,491,491,,26.0,,26,S. Clingan,Sammy,Clingan,Sammy Clingan,Sammy Clingan,https://cdn.sportmonks.com/images/soccer/players/13/2157.png,180.0,73.0,1984-01-13,male
2161,1,17,17,,,,221,G. Beuzelin,Guillaume,Beuzelin,Guillaume Beuzelin,Guillaume Beuzelin,https://cdn.sportmonks.com/images/soccer/placeholder.png,184.0,76.0,1979-04-14,male
2190,1,1161,1161,,,,25,K. McNaughton,Kevin,McNaughton,Kevin McNaughton,Kevin McNaughton,https://cdn.sportmonks.com/images/soccer/placeholder.png,178.0,66.0,1982-08-28,male
2192,1,38,38,23757.0,25.0,,25,G. Loovens,Glenn,Loovens,Glenn Loovens,Glenn Loovens,https://cdn.sportmonks.com/images/soccer/players/16/2192.png,177.0,74.0,1983-09-22,male
2228,1,1161,1161,,,,221,K. Miller,Kenny,Miller,Kenny Miller,Kenny Miller,https://cdn.sportmonks.com/images/soccer/players/20/2228.png,178.0,71.0,1979-12-23,male
2234,1,401,401,,26.0,,26,F. Kiss,Filip,Kiss,Filip Kiss,Filip Kiss,https://cdn.sportmonks.com/images/soccer/players/26/2234.png,189.0,89.0,1990-10-13,male
2257,1,455,455,,24.0,,24,C. Logan,Conrad,Logan,Conrad Logan,Conrad Logan,https://cdn.sportmonks.com/images/soccer/players/17/2257.png,188.0,89.0,1986-04-18,male
2259,1,1161,1161,,221.0,,26,C. Burke,Chris,Burke,Chris Burke,C. Burke,https://cdn.sportmonks.com/images/soccer/players/19/2259.png,175.0,68.0,1983-12-02,male
2262,1,455,455,,27.0,151.0,27,A. Rooney,Adam,Rooney,Adam Rooney,Adam Rooney,https://cdn.sportmonks.com/images/soccer/players/22/2262.png,178.0,77.0,1988-04-21,male
2274,1,1161,1161,,25.0,,25,G. Greer,Gordon,Greer,Gordon Greer,Gordon Greer,https://cdn.sportmonks.com/images/soccer/players/2/2274.png,192.0,85.0,1980-12-14,male
2278,1,455,455,,27.0,,27,B. Clarke,Billy,Clarke,Billy Clarke,Billy Clarke,https://cdn.sportmonks.com/images/soccer/placeholder.png,170.0,64.0,1987-12-13,male
2302,1,455,455,,26.0,,26,G. Dicker,Gary,Dicker,Gary Dicker,Gary Dicker,https://cdn.sportmonks.com/images/soccer/players/30/2302.png,188.0,76.0,1986-07-31,male
2311,1,23,23,40773.0,,,25,S. Bamba,Souleymane,Bamba,Souleymane Bamba,Sol Bamba,https://cdn.sportmonks.com/images/soccer/players/7/2311.png,190.0,90.0,1985-01-13,male
2315,1,1161,1161,,25.0,,25,P. Dixon,Paul,Dixon,Paul Dixon,Paul Dixon,https://cdn.sportmonks.com/images/soccer/players/11/2315.png,178.0,71.0,1986-11-22,male
2320,1,1161,491,,221.0,221.0,221,J. McPake,James,McPake,James McPake,James McPake,https://cdn.sportmonks.com/images/soccer/players/16/2320.png,189.0,80.0,1984-06-24,male
2325,1,1161,1161,,26.0,,26,C. Conway,Craig,Conway,Craig Conway,Craig Conway,https://cdn.sportmonks.com/images/soccer/placeholder.png,187.0,83.0,1985-05-02,male
2333,1,1161,1161,,,,26,C. Bryson,Craig,Bryson,Craig Bryson,Craig Bryson,https://cdn.sportmonks.com/images/soccer/players/29/2333.png,170.0,60.0,1986-11-06,male
2337,1,1161,1161,,27.0,156.0,27,J. Russell,Johnny,Russell,Johnny Russell,Johnny Russell,https://cdn.sportmonks.com/images/soccer/players/1/2337.png,178.0,79.0,1990-04-08,male
2342,1,462,462,78328.0,27.0,156.0,26,K. Higginbotham,Kallum,Higginbotham,Kallum Higginbotham,Kallum Higginbotham,https://cdn.sportmonks.com/images/soccer/players/6/2342.png,180.0,68.0,1989-06-15,male
2344,1,462,455,49373.0,26.0,157.0,26,A. White,Aidan,White,Aidan White,Aidan White,https://cdn.sportmonks.com/images/soccer/players/8/2344.png,173.0,61.0,1991-10-10,male
2348,1,1161,1161,,27.0,,27,R. McCormack,Ross,McCormack,Ross McCormack,Ross McCormack,https://cdn.sportmonks.com/images/soccer/players/12/2348.png,175.0,74.0,1986-08-18,male
2356,1,1796,1796,1057.0,27.0,,27,B. Bergmann Sigurðarson,Björn,Bergmann Sigurðarson,Björn Bergmann Sigurðarson,Björn Sigurðarson,https://cdn.sportmonks.com/images/soccer/players/20/2356.png,186.0,81.0,1991-02-26,male
2369,1,462,462,97068.0,221.0,,26,R. Jenkins,Ross,Jenkins,Ross Jenkins,Ross Jenkins,https://cdn.sportmonks.com/images/soccer/placeholder.png,182.0,81.0,1990-11-09,male
2371,1,1640,1640,,,,26,R. Austin,Rodolph William,Austin,Rodolph William Austin,Rodolph Austin,https://cdn.sportmonks.com/images/soccer/players/3/2371.png,184.0,84.0,1985-06-01,male
2384,1,462,462,73429.0,221.0,,26,M. Bartley,Marvin,Bartley,Marvin Bartley,Marvin Bartley,https://cdn.sportmonks.com/images/soccer/players/16/2384.png,190.0,79.0,1986-07-04,male
2399,1,462,462,68043.0,24.0,24.0,24,A. Legzdins,Adam,Legzdins,Adam Legzdins,A. Legzdiņš,https://cdn.sportmonks.com/images/soccer/players/31/2399.png,190.0,78.0,1986-11-28,male
2411,1,712,712,87751.0,25.0,155.0,25,S. Yun,Suk-Young,Yun,Suk-Young Yun,Seok-yeong Yun ,https://cdn.sportmonks.com/images/soccer/players/11/2411.png,183.0,74.0,1990-02-13,male
2419,1,462,462,84263.0,26.0,153.0,26,D. Davis,David,Davis,David Davis,David Davis,https://cdn.sportmonks.com/images/soccer/players/19/2419.png,173.0,82.0,1991-02-20,male
2452,1,462,462,66286.0,25.0,155.0,26,J. Obita,Jordan,Obita,Jordan Obita,Jordan Obita,https://cdn.sportmonks.com/images/soccer/players/20/2452.png,181.0,74.0,1993-12-08,male
2457,1,462,462,9794.0,27.0,151.0,27,J. Garner,Joe,Garner,Joe Garner,Joe Garner,https://cdn.sportmonks.com/images/soccer/players/25/2457.png,178.0,75.0,1988-04-12,male
2460,1,1161,1161,,,153.0,26,J. O'Brien,Jim,O'Brien,Jim O'Brien,Jim O'Brien,https://cdn.sportmonks.com/images/soccer/players/28/2460.png,180.0,63.0,1987-09-28,male
2467,1,462,1161,96867.0,26.0,158.0,27,A. MacDonald,Alexander,MacDonald,Alexander MacDonald,A. MacDonald,https://cdn.sportmonks.com/images/soccer/placeholder.png,175.0,71.0,1990-04-14,male
2471,1,1161,1161,,26.0,,26,G. Wylde,Gregg,Wylde,Gregg Wylde,Gregg Wylde,https://cdn.sportmonks.com/images/soccer/placeholder.png,175.0,72.0,1991-03-23,male
2472,1,462,404,51663.0,27.0,151.0,27,C. Kazim-Richards,Colin,Kazim-Richards,Colin Kazim-Richards,Colin Kazim-Richards,https://cdn.sportmonks.com/images/soccer/players/8/2472.png,187.0,74.0,1986-08-26,male
2474,1,462,462,51663.0,25.0,,25,M. Addison,Miles,Addison,Miles Addison,Miles Addison,https://cdn.sportmonks.com/images/soccer/placeholder.png,189.0,93.0,1989-01-07,male
2476,1,462,462,51663.0,27.0,,26,J. Emmanuel-Thomas,Jay Aston,Emmanuel-Thomas,Jay Aston Emmanuel-Thomas,Jay Emmanuel-Thomas,https://cdn.sportmonks.com/images/soccer/players/12/2476.png,191.0,76.0,1990-12-27,male
2492,1,98,98,22096.0,221.0,,27,S. McDonald,Scott,McDonald,Scott McDonald,Scott McDonald,https://cdn.sportmonks.com/images/soccer/players/28/2492.png,173.0,78.0,1983-08-21,male
2495,1,1424,1424,,26.0,,26,M. Zemmama,Merouane,Zemmama,Merouane Zemmama,Merouane Zemmama,https://cdn.sportmonks.com/images/soccer/placeholder.png,172.0,66.0,1983-10-07,male
2498,1,1161,1161,,25.0,,25,C. Dailly,Christian,Dailly,Christian Dailly,Christian Dailly,https://cdn.sportmonks.com/images/soccer/placeholder.png,183.0,80.0,1973-10-23,male
2499,1,1161,1161,,221.0,,25,S. McManus,Stephen,McManus,Stephen McManus,Stephen McManus,https://cdn.sportmonks.com/images/soccer/players/3/2499.png,188.0,79.0,1982-09-10,male
2506,1,462,462,96513.0,25.0,,25,L. Naylor,Lee,Naylor,Lee Naylor,Lee Naylor,https://cdn.sportmonks.com/images/soccer/placeholder.png,178.0,76.0,1980-03-19,male
2508,1,1161,1161,,26.0,,26,B. Robson,Barry,Robson,Barry Robson,Barry Robson,https://cdn.sportmonks.com/images/soccer/placeholder.png,181.0,75.0,1978-11-07,male
2512,1,1161,1161,,26.0,,26,R. Stevenson,Ryan,Stevenson,Ryan Stevenson,Ryan Stevenson,https://cdn.sportmonks.com/images/soccer/placeholder.png,180.0,86.0,1984-08-24,male
2537,1,17,17,62396.0,26.0,,26,M. Martin,Malaury,Martin,Malaury Martin,Malaury Martin,https://cdn.sportmonks.com/images/soccer/players/9/2537.png,178.0,75.0,1988-08-25,male
2539,1,462,455,97068.0,25.0,,25,R. Kiernan,Robert,Kiernan,Robert Kiernan,Robert Kiernan,https://cdn.sportmonks.com/images/soccer/placeholder.png,186.0,77.0,1991-01-13,male
2540,1,2405,2405,88477.0,,,26,T. Kink,Tarmo,Kink,Tarmo Kink,Tarmo Kink,https://cdn.sportmonks.com/images/soccer/placeholder.png,183.0,74.0,1985-10-06,male
2547,1,462,462,62230.0,25.0,148.0,25,A. Martin,Aaron,Martin,Aaron Martin,Aaron Martin,https://cdn.sportmonks.com/images/soccer/placeholder.png,190.0,76.0,1989-09-29,male
2562,1,462,455,97068.0,26.0,153.0,26,S. Murray,Sean,Murray,Sean Murray,Edward Zenteno,https://cdn.sportmonks.com/images/soccer/players/2/2562.png,176.0,79.0,1993-10-11,male
2574,1,4125,4125,,27.0,,27,I. Sekajja,Ibra,Sekajja,Ibra Sekajja,Ibra Sekajja,https://cdn.sportmonks.com/images/soccer/players/14/2574.png,,,1992-10-31,male
2593,1,462,491,,25.0,154.0,25,L. Hodson,Lee,Hodson,Lee Hodson,Lee Hodson,https://cdn.sportmonks.com/images/soccer/players/1/2593.png,180.0,75.0,1991-10-02,male
2599,1,462,462,73429.0,,,27,N. Tyson,Nathan,Tyson,Nathan Tyson,Nathan Tyson,https://cdn.sportmonks.com/images/soccer/placeholder.png,183.0,64.0,1982-05-04,male
2615,1,455,455,,,,221,C. Healy,Colin,Healy,Colin Healy,Colin Healy,https://cdn.sportmonks.com/images/soccer/placeholder.png,180.0,82.0,1980-03-15,male
2626,1,491,491,,25.0,,25,R. McGivern,Ryan,McGivern,Ryan McGivern,Ryan McGivern,https://cdn.sportmonks.com/images/soccer/players/2/2626.png,178.0,73.0,1990-01-08,male
2633,1,1161,1161,,221.0,,26,R. McCabe,Rhys,McCabe,Rhys McCabe,Rhys McCabe,https://cdn.sportmonks.com/images/soccer/players/9/2633.png,177.0,74.0,1992-07-24,male
2645,1,1161,1161,,27.0,156.0,27,C. Maguire,Chris,Maguire,Chris Maguire,Chris Maguire,https://cdn.sportmonks.com/images/soccer/placeholder.png,178.0,67.0,1989-01-16,male
2650,1,462,462,51663.0,221.0,221.0,26,G. Coke,Giles,Coke,Giles Coke,Lukasz Surma,https://cdn.sportmonks.com/images/soccer/placeholder.png,183.0,75.0,1986-06-03,male
2657,1,462,462,65968.0,221.0,,26,M. Done,Matt,Done,Matt Done,Matt Done,https://cdn.sportmonks.com/images/soccer/placeholder.png,178.0,65.0,1988-07-22,male
2662,1,1161,1161,,26.0,149.0,26,A. Halliday,Andrew,Halliday,Andrew Halliday,Andy Halliday,https://cdn.sportmonks.com/images/soccer/players/6/2662.png,181.0,82.0,1991-10-11,male
2665,1,353,353,,221.0,,24,D. González Giraldo,David,González Giraldo,David González Giraldo,D. González,https://cdn.sportmonks.com/images/soccer/placeholder.png,193.0,85.0,1982-07-20,male
2668,1,1161,1161,,25.0,,25,R. Anderson,Russell,Anderson,Russell Anderson,Russell Anderson,https://cdn.sportmonks.com/images/soccer/placeholder.png,180.0,68.0,1978-10-25,male
2669,1,455,455,,25.0,,25,M. O'Brien,Mark,O'Brien,Mark O'Brien,Mark O'Brien,https://cdn.sportmonks.com/images/soccer/placeholder.png,180.0,78.0,1992-11-20,male
2703,1,462,462,51090.0,27.0,,27,C. Dagnall,Chris,Dagnall,Chris Dagnall,Chris Dagnall,https://cdn.sportmonks.com/images/soccer/players/15/2703.png,173.0,75.0,1986-04-15,male
2704,1,17,200,67223.0,26.0,149.0,26,M. Gomis,Morgaro,Gomis,Morgaro Gomis,Morgaro Gomis,https://cdn.sportmonks.com/images/soccer/players/16/2704.png,175.0,69.0,1985-07-14,male
2709,1,462,462,82625.0,26.0,149.0,25,P. Digby,Paul,Digby,Paul Digby,Paul Digby,https://cdn.sportmonks.com/images/soccer/players/21/2709.png,193.0,64.0,1995-02-02,male
2712,1,1161,1161,165.0,27.0,152.0,26,R. Fraser,Ryan,Fraser,Ryan Fraser,Ryan Fraser,https://cdn.sportmonks.com/images/soccer/players/24/2712.png,163.0,70.0,1994-02-24,male
2755,1,462,462,43885.0,24.0,,24,G. Woods,Gary,Woods,Gary Woods,Gary Woods,https://cdn.sportmonks.com/images/soccer/players/3/2755.png,193.0,77.0,1990-10-01,male
2757,1,5724,5724,30078.0,25.0,,25,M. Dumbuya,Mustapha,Dumbuya,Mustapha Dumbuya,Mustapha Dumbuya,https://cdn.sportmonks.com/images/soccer/placeholder.png,173.0,71.0,1987-08-07,male
2774,1,17,17,32127.0,27.0,,27,S. Kerkar,Salim,Kerkar,Salim Kerkar,Salim Kerkar,https://cdn.sportmonks.com/images/soccer/placeholder.png,180.0,62.0,1987-08-04,male
2781,1,462,462,9576.0,26.0,153.0,26,J. Newell,Joe,Newell,Joe Newell,Joe Newell,https://cdn.sportmonks.com/images/soccer/players/29/2781.png,180.0,71.0,1993-03-15,male
2785,1,17,17,67223.0,25.0,,25,J. M'voto,Jean-Yves,M'voto,Jean-Yves M'voto,Jean-Yves M'voto,https://cdn.sportmonks.com/images/soccer/players/1/2785.png,193.0,93.0,1988-09-06,male
2790,1,143,143,94810.0,24.0,,24,R. Olejnik,Robert,Olejnik,Robert Olejnik,Robert Olejnik,https://cdn.sportmonks.com/images/soccer/placeholder.png,183.0,98.0,1986-11-26,male
2797,1,462,462,56966.0,24.0,24.0,24,C. Ripley,Connor,Ripley,Connor Ripley,Connor Ripley,https://cdn.sportmonks.com/images/soccer/players/13/2797.png,191.0,96.0,1993-02-13,male
2820,1,1161,1161,,26.0,,26,S. Allan,Scott,Allan,Scott Allan,Scott Allan,https://cdn.sportmonks.com/images/soccer/players/4/2820.png,175.0,,1991-11-28,male
2821,1,491,491,22991.0,26.0,157.0,26,S. Ferguson,Shane,Ferguson,Shane Ferguson,Shane Ferguson,https://cdn.sportmonks.com/images/soccer/players/5/2821.png,178.0,73.0,1991-07-12,male
2827,1,1161,1161,,26.0,150.0,26,A. Shinnie,Andrew,Shinnie,Andrew Shinnie,Andrew Shinnie,https://cdn.sportmonks.com/images/soccer/players/11/2827.png,181.0,70.0,1989-07-17,male
2833,1,1161,1161,,26.0,,26,L. MacLeod,Lewis,MacLeod,Lewis MacLeod,Lewis MacLeod,https://cdn.sportmonks.com/images/soccer/players/17/2833.png,175.0,72.0,1994-06-16,male
2836,1,32,32,74013.0,26.0,150.0,26,J. Toral Harper,Jon Miquel,Toral Harper,Jon Miquel Toral Harper,Jon Toral,https://cdn.sportmonks.com/images/soccer/players/20/2836.png,184.0,80.0,1995-02-05,male
2838,1,462,462,39491.0,27.0,151.0,27,C. Long,Chris,Long,Chris Long,Christopher Long,https://cdn.sportmonks.com/images/soccer/players/22/2838.png,180.0,79.0,1995-02-25,male
2892,1,556,911,65267.0,27.0,151.0,27,I. Vetokele,Igor,Vetokele,Igor Vetokele,Igor Vetokele,https://cdn.sportmonks.com/images/soccer/players/12/2892.png,173.0,68.0,1992-03-23,male
2923,1,802,802,,26.0,,26,B. Kayal,Beram,Kayal,Beram Kayal,Beram Kayal,https://cdn.sportmonks.com/images/soccer/players/11/2923.png,178.0,74.0,1988-05-02,male
2926,1,462,462,9182.0,27.0,151.0,27,J. Wilson,James,Wilson,James Wilson,James Wilson,https://cdn.sportmonks.com/images/soccer/players/14/2926.png,183.0,73.0,1995-12-01,male
2927,1,462,462,99578.0,25.0,148.0,25,C. Goldson,Connor,Goldson,Connor Goldson,Connor Goldson,https://cdn.sportmonks.com/images/soccer/players/15/2927.png,191.0,85.0,1992-12-18,male
2928,1,455,455,,26.0,,26,R. Towell,Richard,Towell,Richard Towell,Richie Towell,https://cdn.sportmonks.com/images/soccer/players/16/2928.png,179.0,66.0,1991-07-17,male
2946,1,320,320,27321.0,26.0,153.0,26,L. Vigen Christensen,Lasse,Vigen Christensen,Lasse Vigen Christensen,Lasse Vigen,https://cdn.sportmonks.com/images/soccer/players/2/2946.png,178.0,80.0,1994-08-15,male
2961,1,1161,1161,,27.0,152.0,26,J. Murphy,Jamie,Murphy,Jamie Murphy,Jamie Murphy,https://cdn.sportmonks.com/images/soccer/players/17/2961.png,178.0,72.0,1989-08-28,male
3000,1,1233,1233,,24.0,24.0,24,J. Joronen,Jesse,Joronen,Jesse Joronen,Jesse Joronen,https://cdn.sportmonks.com/images/soccer/players/24/3000.png,197.0,89.0,1993-03-21,male
3003,1,462,462,15228.0,,,24,A. Collin,Adam,Collin,Adam Collin,Adam Collin,https://cdn.sportmonks.com/images/soccer/players/27/3003.png,191.0,78.0,1984-12-09,male
3004,1,1161,1161,,25.0,,25,K. Broadfoot,Kirk,Broadfoot,Kirk Broadfoot,Stefano Ceci,https://cdn.sportmonks.com/images/soccer/players/28/3004.png,191.0,89.0,1984-08-08,male
3007,1,47,1796,,,,26,K. Árnason,Kári,Árnason,Kári Árnason,Kári Árnason,https://cdn.sportmonks.com/images/soccer/placeholder.png,190.0,79.0,1982-10-13,male
3017,1,320,320,,27.0,151.0,27,K. Dahrup Zohorè,Kenneth,Dahrup Zohorè,Kenneth Dahrup Zohorè,Kenneth Zohore,https://cdn.sportmonks.com/images/soccer/players/9/3017.png,190.0,98.0,1994-01-31,male
3019,1,462,462,51663.0,27.0,151.0,27,K. Agard,Kieran Ricardo,Agard,Kieran Ricardo Agard,Kieran Agard,https://cdn.sportmonks.com/images/soccer/players/11/3019.png,178.0,68.0,1989-10-10,male
3025,1,462,462,89989.0,25.0,148.0,25,J. Grounds,Jonathan,Grounds,Jonathan Grounds,Jonathan Grounds,https://cdn.sportmonks.com/images/soccer/players/17/3025.png,185.0,80.0,1988-02-02,male
3027,1,38,38,,24.0,,24,K. Roos,Kelle,Roos,Kelle Roos,Kelle Roos,https://cdn.sportmonks.com/images/soccer/players/19/3027.png,196.0,90.0,1992-05-31,male
3029,1,455,455,,26.0,,26,S. Gleeson,Stephen,Gleeson,Stephen Gleeson,Stephen Gleeson,https://cdn.sportmonks.com/images/soccer/players/21/3029.png,188.0,70.0,1988-08-03,male
3030,1,462,1640,11532.0,27.0,151.0,27,C. Donaldson,Clayton,Donaldson,Clayton Donaldson,Clayton Donaldson,https://cdn.sportmonks.com/images/soccer/placeholder.png,185.0,73.0,1984-02-07,male
3035,1,1161,1161,,26.0,26.0,26,M. Tidser,Michael,Tidser,Michael Tidser,Michael Tidser,https://cdn.sportmonks.com/images/soccer/players/27/3035.png,183.0,76.0,1990-01-15,male
3049,1,462,716,51663.0,27.0,152.0,26,V. Solomon-Otabor,Viv,Solomon-Otabor,Viv Solomon-Otabor,Solomon-Otabor Viv,https://cdn.sportmonks.com/images/soccer/players/9/3049.png,175.0,77.0,1996-01-02,male
3058,1,462,462,49373.0,26.0,153.0,26,M. Crooks,Matty,Crooks,Matty Crooks,Matt Crooks,https://cdn.sportmonks.com/images/soccer/players/18/3058.png,191.0,72.0,1994-01-20,male
3087,1,455,455,,26.0,150.0,26,J. Byrne,Jack,Byrne,Jack Byrne,Jack Byrne,https://cdn.sportmonks.com/images/soccer/players/15/3087.png,171.0,73.0,1996-04-24,male
3129,1,1161,1161,,25.0,155.0,25,S. Hendrie,Steven,Hendrie,Steven Hendrie,Stephen Hendrie,https://cdn.sportmonks.com/images/soccer/players/25/3129.png,178.0,70.0,1995-01-08,male
3133,1,491,491,,24.0,,24,M. McGovern,Michael,McGovern,Michael McGovern,Michael McGovern,https://cdn.sportmonks.com/images/soccer/players/29/3133.png,190.0,85.0,1984-07-12,male
3141,1,14837,14837,,25.0,148.0,25,D. Daniels,Donervon Joseph,Daniels,Donervon Joseph Daniels,Donervon Daniels,https://cdn.sportmonks.com/images/soccer/players/5/3141.png,186.0,91.0,1993-11-24,male
3156,1,455,455,,25.0,,25,G. Gunning,Gavin,Gunning,Gavin Gunning,Gavin Gunning,https://cdn.sportmonks.com/images/soccer/placeholder.png,187.0,86.0,1991-01-26,male
3162,1,1161,1161,,221.0,,25,P. Caddis,Paul,Caddis,Paul Caddis,Paul Caddis,https://cdn.sportmonks.com/images/soccer/placeholder.png,170.0,67.0,1988-04-19,male
3175,1,462,462,9556.0,26.0,153.0,26,M. Power,Max,Power,Max Power,M. Power,https://cdn.sportmonks.com/images/soccer/players/7/3175.png,181.0,77.0,1993-07-27,male
3184,1,462,213370,98715.0,26.0,149.0,26,T. Chow,Tim,Chow,Tim Chow,Tim Chow,https://cdn.sportmonks.com/images/soccer/placeholder.png,180.0,72.0,1994-01-18,male
3197,1,3483,3483,,26.0,,26,M. Grella,Mike,Grella,Mike Grella,Mike Grella,https://cdn.sportmonks.com/images/soccer/placeholder.png,180.0,82.0,1987-01-23,male
3211,1,462,462,66286.0,26.0,150.0,26,J. Grant,Jorge,Grant,Jorge Grant,J. Grant,https://cdn.sportmonks.com/images/soccer/players/11/3211.png,175.0,73.0,1994-12-19,male
3215,1,17,17,70522.0,27.0,151.0,27,M. Dembélé,Moussa,Dembélé,Moussa Dembélé,Moussa Dembélé,https://cdn.sportmonks.com/images/soccer/players/15/3215.png,183.0,73.0,1996-07-12,male
3247,1,462,462,62163.0,25.0,148.0,25,S. Hutchinson,Shaun,Hutchinson,Shaun Hutchinson,Shaun Hutchinson,https://cdn.sportmonks.com/images/soccer/players/15/3247.png,188.0,80.0,1990-11-23,male
3248,1,462,462,85141.0,25.0,155.0,25,M. Lowe,Max,Lowe,Max Lowe,Max Lowe,https://cdn.sportmonks.com/images/soccer/players/16/3248.png,175.0,74.0,1997-05-11,male
3252,1,1161,1161,,25.0,,25,K. Milne,Kenny,Milne,Kenny Milne,Kenny Milne,https://cdn.sportmonks.com/images/soccer/placeholder.png,188.0,79.0,1979-08-26,male
3258,1,455,455,,27.0,,27,E. Doyle,Eoin,Doyle,Eoin Doyle,Eoin Doyle,https://cdn.sportmonks.com/images/soccer/placeholder.png,182.0,73.0,1988-03-12,male
3262,1,462,462,51090.0,26.0,149.0,26,J. Lundstram,John,Lundstram,John Lundstram,John Lundstram,https://cdn.sportmonks.com/images/soccer/players/30/3262.png,181.0,74.0,1994-02-18,male
3265,1,1233,1233,88576.0,,,26,S. Mattila,Sakari,Mattila,Sakari Mattila,Sakari Mattila,https://cdn.sportmonks.com/images/soccer/players/1/3265.png,186.0,81.0,1989-07-14,male
3270,1,224,224,9864.0,25.0,148.0,25,N. Bodurov,Nikolay Georgiev,Bodurov,Nikolay Georgiev Bodurov,Nikolay Bodurov,https://cdn.sportmonks.com/images/soccer/players/6/3270.png,179.0,74.0,1986-05-30,male
3274,1,3483,3483,,26.0,,26,E. Hyndman,Emerson,Hyndman,Emerson Hyndman,Emerson Hyndman,https://cdn.sportmonks.com/images/soccer/players/10/3274.png,170.0,61.0,1996-04-09,male
3282,1,515,515,99932.0,24.0,24.0,24,D. Ward,Danny,Ward,Danny Ward,Danny Ward,https://cdn.sportmonks.com/images/soccer/players/18/3282.png,191.0,88.0,1993-06-22,male
3283,1,462,455,51663.0,25.0,148.0,25,C. Dunne,Charles,Dunne,Charles Dunne,Charles Dunne,https://cdn.sportmonks.com/images/soccer/players/19/3283.png,188.0,87.0,1993-02-13,male
3288,1,462,462,91253.0,24.0,24.0,24,E. Parish,Elliot,Parish,Elliot Parish,Elliot Parish,https://cdn.sportmonks.com/images/soccer/players/24/3288.png,188.0,83.0,1990-05-20,male
3290,1,462,462,98715.0,26.0,,26,M. Waddington,Mark,Waddington,Mark Waddington,Mark Waddington,https://cdn.sportmonks.com/images/soccer/placeholder.png,,,1996-10-11,male
3298,1,98,98,87975.0,26.0,153.0,26,A. Mooy,Aaron,Mooy,Aaron Mooy,Aaron Mooy,https://cdn.sportmonks.com/images/soccer/players/2/3298.png,174.0,68.0,1990-09-15,male
3300,1,462,462,101101.0,25.0,155.0,25,C. Taylor,Charlie,Taylor,Charlie Taylor,Charlie Taylor,https://cdn.sportmonks.com/images/soccer/players/4/3300.png,183.0,70.0,1993-09-18,male
3321,1,462,462,86725.0,,,221,A. Nicholls,Alex,Nicholls,Alex Nicholls,Alex Nicholls,https://cdn.sportmonks.com/images/soccer/placeholder.png,178.0,70.0,1987-12-09,male
3347,1,1161,1161,,27.0,151.0,27,L. Erwin,Lee,Erwin,Lee Erwin,Lee Erwin,https://cdn.sportmonks.com/images/soccer/players/19/3347.png,188.0,79.0,1994-03-19,male
3372,1,462,515,51663.0,27.0,151.0,26,M. Watkins,Marley,Watkins,Marley Watkins,Marley Watkins,https://cdn.sportmonks.com/images/soccer/players/12/3372.png,178.0,65.0,1990-10-17,male
3384,1,462,1640,51663.0,25.0,,25,M. Hector,Michael,Hector,Michael Hector,Michael Hector,https://cdn.sportmonks.com/images/soccer/players/24/3384.png,193.0,82.0,1992-07-19,male
3385,1,462,1320,51663.0,26.0,153.0,26,A. Tshibola,Aaron,Tshibola,Aaron Tshibola,Aaron Tshibola,https://cdn.sportmonks.com/images/soccer/players/25/3385.png,190.0,78.0,1995-01-02,male
3387,1,462,462,64973.0,27.0,152.0,27,R. Kent,Ryan,Kent,Ryan Kent,Ryan Kent,https://cdn.sportmonks.com/images/soccer/players/27/3387.png,175.0,65.0,1996-11-11,male
3388,1,462,462,51090.0,26.0,153.0,26,C. Grant,Conor,Grant,Conor Grant,Conor Grant,https://cdn.sportmonks.com/images/soccer/players/28/3388.png,184.0,80.0,1995-04-18,male
3396,1,462,462,99578.0,27.0,151.0,27,S. Winnall,Sam,Winnall,Sam Winnall,Sam Winnall,https://cdn.sportmonks.com/images/soccer/players/4/3396.png,175.0,72.0,1991-01-19,male
3400,1,462,462,87940.0,26.0,153.0,26,G. Moncur,George,Moncur,George Moncur,George Moncur,https://cdn.sportmonks.com/images/soccer/players/8/3400.png,175.0,63.0,1993-08-18,male
3405,1,462,462,85283.0,27.0,151.0,27,D. Samuel,Dominic,Samuel,Dominic Samuel,Dominic Samuel,https://cdn.sportmonks.com/images/soccer/players/13/3405.png,182.0,89.0,1994-04-01,male
3431,1,462,462,51663.0,27.0,,27,J. Myrie-Williams,Jennison,Myrie-Williams,Jennison Myrie-Williams,Jennison Myrie-Williams,https://cdn.sportmonks.com/images/soccer/placeholder.png,183.0,,1988-05-17,male
3434,1,1161,1161,,26.0,158.0,26,R. Flynn,Ryan,Flynn,Ryan Flynn,Ryan Flynn,https://cdn.sportmonks.com/images/soccer/players/10/3434.png,171.0,60.0,1988-09-04,male
3443,1,462,462,57413.0,26.0,,27,H. Forrester,Harry,Forrester,Harry Forrester,Harry Forrester,https://cdn.sportmonks.com/images/soccer/placeholder.png,176.0,71.0,1991-01-02,male
3446,1,748,748,,25.0,148.0,25,V. Maksimenko,Vitālijs,Maksimenko,Vitālijs Maksimenko,Vitālijs Maksimenko,https://cdn.sportmonks.com/images/soccer/players/22/3446.png,186.0,83.0,1990-12-08,male
3450,1,1161,1161,,25.0,148.0,25,S. Cuthbert,Scott,Cuthbert,Scott Cuthbert,Scott Cuthbert,https://cdn.sportmonks.com/images/soccer/placeholder.png,188.0,89.0,1987-06-15,male
3454,1,462,462,100148.0,25.0,,25,S. Logan,Shaleum,Logan,Shaleum Logan,Shaleum Logan,https://cdn.sportmonks.com/images/soccer/players/30/3454.png,185.0,79.0,1988-01-29,male
3456,1,462,462,85184.0,24.0,,24,S. Simonsen,Steve,Simonsen,Steve Simonsen,Steve Simonsen,https://cdn.sportmonks.com/images/soccer/placeholder.png,188.0,79.0,1979-04-03,male
3460,1,462,462,73573.0,25.0,155.0,26,R. Milsom,Robert,Milsom,Robert Milsom,Robert Milsom,https://cdn.sportmonks.com/images/soccer/placeholder.png,180.0,72.0,1987-01-02,male
3465,1,462,462,18899.0,,,221,D. Cadamarteri,Danny,Cadamarteri,Danny Cadamarteri,Danny Cadamarteri,https://cdn.sportmonks.com/images/soccer/placeholder.png,175.0,86.0,1979-10-12,male
3472,1,462,462,98715.0,27.0,151.0,27,C. Porter,Chris,Porter,Chris Porter,Chris Porter,https://cdn.sportmonks.com/images/soccer/placeholder.png,185.0,83.0,1983-12-12,male
3476,1,462,455,,26.0,153.0,26,S. Foley,Sam,Foley,Sam Foley,Sam Foley,https://cdn.sportmonks.com/images/soccer/players/20/3476.png,183.0,74.0,1986-10-17,male
3478,1,462,462,35533.0,24.0,24.0,24,W. Foderingham,Wesley,Foderingham,Wesley Foderingham,Wes Foderingham,https://cdn.sportmonks.com/images/soccer/players/22/3478.png,185.0,75.0,1991-01-14,male
3479,1,462,462,85283.0,24.0,24.0,24,M. Howard,Mark,Howard,Mark Howard,Mark Howard,https://cdn.sportmonks.com/images/soccer/placeholder.png,183.0,76.0,1986-09-21,male
3482,1,462,462,91862.0,25.0,148.0,25,J. Turnbull,Jordan,Turnbull,Jordan Turnbull,Jordan Turnbull,https://cdn.sportmonks.com/images/soccer/players/26/3482.png,185.0,73.0,1994-10-30,male
3483,1,1161,1161,,27.0,156.0,27,M. O'Halloran,Michael,O'Halloran,Michael O'Halloran,Michael O'Halloran,https://cdn.sportmonks.com/images/soccer/players/27/3483.png,188.0,79.0,1991-01-06,male
3486,1,98,98,87975.0,26.0,,26,J. Wesolowski,James,Wesolowski,James Wesolowski,James Wesolowski,https://cdn.sportmonks.com/images/soccer/players/30/3486.png,172.0,75.0,1987-08-25,male
3487,1,462,462,51663.0,27.0,151.0,27,J. Obika,Jonathan Chiedozie,Obika,Jonathan Chiedozie Obika,Jonathan Obika,https://cdn.sportmonks.com/images/soccer/players/31/3487.png,182.0,76.0,1990-09-12,male
3488,1,1640,1640,,26.0,,26,C. Humphrey,Chris,Humphrey,Chris Humphrey,Chris Humphrey,https://cdn.sportmonks.com/images/soccer/players/0/3488.png,181.0,73.0,1989-03-04,male
3493,1,11,11,,24.0,,24,T. Stuckmann,Thorsten,Stuckmann,Thorsten Stuckmann,Thorsten Stuckmann,https://cdn.sportmonks.com/images/soccer/placeholder.png,198.0,96.0,1981-03-17,male
3497,1,462,1161,82625.0,25.0,155.0,27,C. McFadzean,Callum,McFadzean,Callum McFadzean,Callum McFadzean,https://cdn.sportmonks.com/images/soccer/placeholder.png,181.0,75.0,1994-01-16,male
3500,1,462,462,9576.0,27.0,151.0,27,J. Hylton,Jermaine,Hylton,Jermaine Hylton,Jermaine Hylton,https://cdn.sportmonks.com/images/soccer/players/12/3500.png,176.0,70.0,1993-06-28,male
3507,1,462,462,82625.0,24.0,24.0,24,G. Long,George,Long,George Long,George Long,https://cdn.sportmonks.com/images/soccer/players/19/3507.png,193.0,91.0,1993-11-05,male
3515,1,462,462,87721.0,25.0,,25,D. Westlake,Darryl,Westlake,Darryl Westlake,Darryl Westlake,https://cdn.sportmonks.com/images/soccer/placeholder.png,175.0,69.0,1991-03-01,male
3517,1,462,491,17278.0,27.0,,27,C. Washington,Conor,Washington,Conor Washington,Conor Washington,https://cdn.sportmonks.com/images/soccer/players/29/3517.png,178.0,74.0,1992-05-18,male
3518,1,17,17,2835.0,27.0,151.0,27,A. Gnanduillet,Armand,Gnanduillet,Armand Gnanduillet,Armand Gnanduillet,https://cdn.sportmonks.com/images/soccer/players/30/3518.png,193.0,88.0,1992-02-13,male
3520,1,1161,1161,,26.0,158.0,26,D. Swanson,Danny,Swanson,Danny Swanson,Danny Swanson,https://cdn.sportmonks.com/images/soccer/players/0/3520.png,168.0,59.0,1986-12-28,male
3534,1,462,462,2483.0,,,221,S. Lovell,Steve,Lovell,Steve Lovell,Steve Lovell,https://cdn.sportmonks.com/images/soccer/placeholder.png,180.0,73.0,1980-06-12,male
3536,1,462,462,6698.0,25.0,148.0,25,J. Baldwin,Jack,Baldwin,Jack Baldwin,Jack Baldwin,https://cdn.sportmonks.com/images/soccer/players/16/3536.png,185.0,69.0,1993-06-30,male
3546,1,1161,1161,,25.0,,25,G. MacKenzie,Gary,MacKenzie,Gary MacKenzie,Gary MacKenzie,https://cdn.sportmonks.com/images/soccer/players/26/3546.png,191.0,86.0,1985-10-07,male
3556,1,3483,3483,,27.0,152.0,27,G. Ariyibi,Gboly,Ariyibi,Gboly Ariyibi,Gboly Ariyibi,https://cdn.sportmonks.com/images/soccer/players/4/3556.png,183.0,72.0,1995-01-18,male
3566,1,1161,1161,,26.0,,26,S. Ferry,Simon,Ferry,Simon Ferry,Simon Ferry,https://cdn.sportmonks.com/images/soccer/placeholder.png,175.0,69.0,1988-01-11,male
3568,1,17,1424,54887.0,27.0,,27,F. El Alagui,Farid,El Alagui,Farid El Alagui,Farid El Alagui,https://cdn.sportmonks.com/images/soccer/placeholder.png,185.0,75.0,1985-08-28,male
3573,1,1161,1161,,26.0,157.0,26,S. Scougall,Stefan,Scougall,Stefan Scougall,Stefan Scougall,https://cdn.sportmonks.com/images/soccer/players/21/3573.png,170.0,69.0,1992-12-07,male
3574,1,1161,1161,,26.0,153.0,26,J. Holt,Jason,Holt,Jason Holt,J. Holt,https://cdn.sportmonks.com/images/soccer/players/22/3574.png,164.0,70.0,1993-02-19,male
3577,1,462,1985,35533.0,26.0,,26,K. Marsh-Brown,Keanu,Marsh-Brown,Keanu Marsh-Brown,Keanu Marsh-Brown,https://cdn.sportmonks.com/images/soccer/placeholder.png,181.0,,1992-08-10,male
3579,1,462,462,15228.0,26.0,,26,P. Murray,Paul,Murray,Paul Murray,Paul Murray,https://cdn.sportmonks.com/images/soccer/placeholder.png,175.0,65.0,1976-08-31,male
3582,1,462,462,79461.0,27.0,,27,M. Storey,Miles,Storey,Miles Storey,Miles Storey,https://cdn.sportmonks.com/images/soccer/players/30/3582.png,180.0,,1994-01-04,male
3583,1,1161,1161,,,,221,C. Nish,Colin,Nish,Colin Nish,Colin Nish,https://cdn.sportmonks.com/images/soccer/placeholder.png,191.0,80.0,1981-03-07,male
3584,1,251,251,,27.0,,27,R. De Vita,Raffaele,De Vita,Raffaele De Vita,Raffaele De Vita,https://cdn.sportmonks.com/images/soccer/placeholder.png,180.0,77.0,1987-09-23,male
3586,1,462,462,51090.0,25.0,,25,S. O'Hanlon,Sean,O'Hanlon,Sean O'Hanlon,Sean O'Hanlon,https://cdn.sportmonks.com/images/soccer/placeholder.png,185.0,78.0,1983-01-02,male
3591,1,462,491,74967.0,25.0,,25,D. Buchanan,David,Buchanan,David Buchanan,David Buchanan,https://cdn.sportmonks.com/images/soccer/placeholder.png,173.0,71.0,1983-05-06,male
3592,1,1161,1161,,27.0,151.0,27,M. McNulty,Mark,McNulty,Mark McNulty,Marc McNulty,https://cdn.sportmonks.com/images/soccer/players/8/3592.png,180.0,82.0,1992-09-14,male
3594,1,1161,1161,,24.0,,24,I. Turner,Iain,Turner,Iain Turner,Iain Turner,https://cdn.sportmonks.com/images/soccer/placeholder.png,193.0,88.0,1984-01-26,male
3595,1,462,462,36045.0,25.0,,25,P. Hartley,Peter,Hartley,Peter Hartley,Peter Hartley,https://cdn.sportmonks.com/images/soccer/players/11/3595.png,187.0,92.0,1988-04-03,male
3597,1,462,462,36045.0,25.0,,25,E. Horwood,Evan,Horwood,Evan Horwood,Evan Horwood,https://cdn.sportmonks.com/images/soccer/placeholder.png,183.0,74.0,1986-03-10,male
3611,1,462,462,86569.0,221.0,,25,R. Jones,Rob,Jones,Rob Jones,Rob Jones,https://cdn.sportmonks.com/images/soccer/placeholder.png,200.0,77.0,1979-11-03,male
3638,1,401,401,11728.0,27.0,152.0,27,V. Weiss,Vladimír,Weiss,Vladimír Weiss,Vladimír Weiss,https://cdn.sportmonks.com/images/soccer/players/22/3638.png,173.0,71.0,1989-11-30,male
3649,1,320,320,,,,26,C. Bjørnshøj Poulsen,Christian,Bjørnshøj Poulsen,Christian Bjørnshøj Poulsen,Christian Bjørnshøj Poulsen,https://cdn.sportmonks.com/images/soccer/players/1/3649.png,183.0,76.0,1980-02-28,male
3650,1,2154,2154,,24.0,24.0,24,G. Nielsen,Gunnar,Nielsen,Gunnar Nielsen,Gunnar Nielsen,https://cdn.sportmonks.com/images/soccer/players/2/3650.png,191.0,85.0,1986-10-07,male
3675,1,38,38,53019.0,25.0,,25,K. Boulahrouz,Khalid,Boulahrouz,Khalid Boulahrouz,Khalid Boulahrouz,https://cdn.sportmonks.com/images/soccer/players/27/3675.png,183.0,80.0,1981-12-28,male
3700,1,47,47,,26.0,,26,A. Johansson,Andreas,Johansson,Andreas Johansson,Andreas Johansson,https://cdn.sportmonks.com/images/soccer/players/20/3700.png,181.0,80.0,1978-07-05,male
3752,1,1161,1161,,25.0,148.0,25,D. Wilson,Danny,Wilson,Danny Wilson,Danny Wilson,https://cdn.sportmonks.com/images/soccer/players/8/3752.png,187.0,79.0,1991-12-27,male
3758,1,1161,1161,,25.0,,25,R. Malcolm,Robert 'Bob',Malcolm,Robert 'Bob' Malcolm,Robert Malcolm,https://cdn.sportmonks.com/images/soccer/placeholder.png,183.0,,1980-12-11,male
3759,1,1703,1703,19785.0,25.0,,25,M. Camara,Mohammed,Camara,Mohammed Camara,Mohammed Camara,https://cdn.sportmonks.com/images/soccer/placeholder.png,,,1975-06-25,male
3763,1,320,320,94178.0,26.0,,26,T. Gravesen,Thomas,Gravesen,Thomas Gravesen,Thomas Gravesen,https://cdn.sportmonks.com/images/soccer/placeholder.png,178.0,74.0,1976-11-03,male
3771,1,47,47,86542.0,27.0,,27,B. Runstrom,Bjorn Sandro,Runstrom,Bjorn Sandro Runstrom,Bjorn Runstrom,https://cdn.sportmonks.com/images/soccer/placeholder.png,186.0,77.0,1984-01-03,male
3775,1,3483,3483,,25.0,,25,D. Beasley,DaMarcus,Beasley,DaMarcus Beasley,DaMarcus Beasley,https://cdn.sportmonks.com/images/soccer/players/31/3775.png,173.0,66.0,1982-05-24,male
3780,1,11,11,72829.0,24.0,,24,S. Wessels,Stefan,Wessels,Stefan Wessels,Stefan Wessels,https://cdn.sportmonks.com/images/soccer/placeholder.png,189.0,84.0,1979-02-28,male
3783,1,3662,3662,50261.0,,,221,D. Cousin,Daniel,Cousin,Daniel Cousin,Daniel Cousin,https://cdn.sportmonks.com/images/soccer/players/7/3783.png,186.0,85.0,1977-02-07,male
3787,1,462,515,85283.0,221.0,,221,J. Brown,Jason,Brown,Jason Brown,Jason Brown,https://cdn.sportmonks.com/images/soccer/players/11/3787.png,180.0,98.0,1982-05-18,male
3835,1,1161,1161,,25.0,,25,A. Webster,Andy,Webster,Andy Webster,Andy Webster,https://cdn.sportmonks.com/images/soccer/players/27/3835.png,182.0,63.0,1982-04-23,male
3840,1,462,1640,9576.0,26.0,,26,I. Osbourne,Isaiah,Osbourne,Isaiah Osbourne,Isaiah Osbourne,https://cdn.sportmonks.com/images/soccer/placeholder.png,188.0,79.0,1987-11-15,male
3845,1,462,462,63537.0,27.0,,27,B. Hutchinson,Ben,Hutchinson,Ben Hutchinson,Ben Hutchinson,https://cdn.sportmonks.com/images/soccer/placeholder.png,180.0,79.0,1987-11-27,male
3851,1,462,462,86607.0,27.0,151.0,27,L. Moult,Louis Elliott,Moult,Louis Elliott Moult,L. Moult,https://cdn.sportmonks.com/images/soccer/players/11/3851.png,183.0,85.0,1992-05-14,male
3857,1,462,462,63537.0,221.0,226.0,26,N. Law,Nicky,Law,Nicky Law,Nicky Law,https://cdn.sportmonks.com/images/soccer/players/17/3857.png,178.0,73.0,1988-03-29,male
3883,1,1161,1161,,27.0,151.0,27,L. Griffiths,Leigh,Griffiths,Leigh Griffiths,Leigh Griffiths,https://cdn.sportmonks.com/images/soccer/players/11/3883.png,180.0,76.0,1990-08-20,male
3884,1,455,455,24637.0,25.0,154.0,25,M. Doherty,Matt,Doherty,Matt Doherty,Matt Doherty,https://cdn.sportmonks.com/images/soccer/players/12/3884.png,185.0,80.0,1992-01-16,male
3923,1,47,47,86542.0,27.0,151.0,27,J. Guidetti,John,Guidetti,John Guidetti,John Guidetti,https://cdn.sportmonks.com/images/soccer/players/19/3923.png,185.0,79.0,1992-04-15,male
3927,1,455,455,,26.0,,26,A. O'Brien,Alan,O'Brien,Alan O'Brien,Alan O'Brien,https://cdn.sportmonks.com/images/soccer/placeholder.png,178.0,71.0,1985-02-20,male
3959,1,17,614,51840.0,221.0,226.0,221,M. Bougherra,Madjid,Bougherra,Madjid Bougherra,Madjid Bougherra,https://cdn.sportmonks.com/images/soccer/players/23/3959.png,190.0,93.0,1982-10-07,male
3981,1,462,462,9576.0,27.0,151.0,26,T. Obadeyi,Temitope,Obadeyi,Temitope Obadeyi,Tope Obadeyi,https://cdn.sportmonks.com/images/soccer/players/13/3981.png,190.0,87.0,1989-10-29,male
3984,1,462,462,62163.0,26.0,,26,J. Walker,Josh,Walker,Josh Walker,Josh Walker,https://cdn.sportmonks.com/images/soccer/placeholder.png,181.0,76.0,1989-02-21,male
3989,1,20,772,1441.0,25.0,,25,P. Cardoso Monteiro,Pedro Miguel,Cardoso Monteiro,Pedro Miguel Cardoso Monteiro,Pelé,https://cdn.sportmonks.com/images/soccer/placeholder.png,186.0,,1978-05-02,male
4017,1,462,462,71411.0,26.0,157.0,26,J. Morris,Josh,Morris,Josh Morris,Josh Morris,https://cdn.sportmonks.com/images/soccer/players/17/4017.png,180.0,70.0,1991-09-30,male
4022,1,455,455,,26.0,158.0,26,A. Doran,Aaron,Doran,Aaron Doran,Aaron Doran,https://cdn.sportmonks.com/images/soccer/players/22/4022.png,170.0,76.0,1991-05-13,male
4026,1,47,47,51153.0,27.0,,27,R. Prica,Rade,Prica,Rade Prica,Rade Prica,https://cdn.sportmonks.com/images/soccer/players/26/4026.png,185.0,80.0,1980-06-30,male
4049,1,462,462,53964.0,27.0,,27,N. Eccleston,Nathan,Eccleston,Nathan Eccleston,Nathan Eccleston,https://cdn.sportmonks.com/images/soccer/placeholder.png,178.0,66.0,1990-12-30,male
4071,1,320,320,,24.0,24.0,24,M. Hansen,Martin,Hansen,Martin Hansen,Martin Hansen,https://cdn.sportmonks.com/images/soccer/players/7/4071.png,188.0,85.0,1990-06-15,male
4083,1,462,462,51090.0,,,26,J. Routledge,Jon,Routledge,Jon Routledge,Jon Routledge,https://cdn.sportmonks.com/images/soccer/players/19/4083.png,181.0,86.0,1989-11-23,male
4085,1,462,462,86569.0,26.0,,26,J. Franks,Jonathan,Franks,Jonathan Franks,Jonathan Franks,https://cdn.sportmonks.com/images/soccer/placeholder.png,175.0,73.0,1990-04-08,male
4088,1,320,320,,27.0,151.0,27,A. Cornelius,Andreas Evald,Cornelius,Andreas Evald Cornelius,Andreas Cornelius,https://cdn.sportmonks.com/images/soccer/players/24/4088.png,193.0,91.0,1993-03-16,male
4109,1,3483,3483,,26.0,,26,M. Edu,Maurice,Edu,Maurice Edu,Maurice Edu,https://cdn.sportmonks.com/images/soccer/players/13/4109.png,180.0,85.0,1986-04-18,male
4117,1,1739,1739,50218.0,25.0,154.0,25,C. Gamboa Luna,Cristian,Gamboa Luna,Cristian Gamboa Luna,Cristian Gamboa,https://cdn.sportmonks.com/images/soccer/players/21/4117.png,175.0,67.0,1989-10-24,male
4189,1,462,462,51663.0,25.0,148.0,25,R. Inniss,Ryan,Inniss,Ryan Inniss,Ryan Inniss,https://cdn.sportmonks.com/images/soccer/placeholder.png,197.0,82.0,1995-06-05,male
4195,1,462,462,71683.0,24.0,24.0,24,J. Alnwick,Jak,Alnwick,Jak Alnwick,Jak Alnwick,https://cdn.sportmonks.com/images/soccer/players/3/4195.png,187.0,82.0,1993-06-17,male
4224,1,515,515,,24.0,,24,D. Cornell,David,Cornell,David Cornell,David Cornell,https://cdn.sportmonks.com/images/soccer/players/0/4224.png,180.0,73.0,1991-03-28,male
4249,1,1161,1161,,26.0,153.0,26,F. Fyvie,Fraser,Fyvie,Fraser Fyvie,Fraser Fyvie,https://cdn.sportmonks.com/images/soccer/players/25/4249.png,172.0,60.0,1993-03-27,male
4259,1,462,462,51090.0,26.0,149.0,26,J. Rossiter,Jordan,Rossiter,Jordan Rossiter,Jordan Rossiter,https://cdn.sportmonks.com/images/soccer/players/3/4259.png,178.0,68.0,1997-03-24,male
4263,1,462,462,85945.0,25.0,155.0,26,T. Robson,Thomas,Robson,Thomas Robson,Tommy Robson,https://cdn.sportmonks.com/images/soccer/players/7/4263.png,178.0,75.0,1995-09-11,male
4268,1,468,462,46554.0,27.0,,27,J. Dodoo,Joe,Dodoo,Joe Dodoo,Joseph Dodoo,https://cdn.sportmonks.com/images/soccer/placeholder.png,183.0,70.0,1995-06-29,male
4277,1,462,462,44529.0,27.0,156.0,26,P. Roberts,Patrick,Roberts,Patrick Roberts,Patrick Roberts,https://cdn.sportmonks.com/images/soccer/players/21/4277.png,167.0,58.0,1997-02-05,male
4278,1,462,455,96547.0,25.0,,25,T. Hoban,Tommie,Hoban,Tommie Hoban,Tommie Hoban,https://cdn.sportmonks.com/images/soccer/players/22/4278.png,189.0,84.0,1994-01-24,male
4283,1,1707,1707,9693.0,26.0,153.0,26,F. Santos Júnior,Francisco,Santos Júnior,Francisco Santos Júnior,Francisco Junior,https://cdn.sportmonks.com/images/soccer/players/27/4283.png,172.0,65.0,1992-01-18,male
4285,1,1161,1161,,27.0,152.0,27,M. Kennedy,Matthew,Kennedy,Matthew Kennedy,Matty Kennedy,https://cdn.sportmonks.com/images/soccer/players/29/4285.png,175.0,68.0,1994-11-01,male
4288,1,1578,1578,36266.0,27.0,152.0,27,M. Samuelsen,Martin,Samuelsen,Martin Samuelsen,Martin Samuelsen,https://cdn.sportmonks.com/images/soccer/players/0/4288.png,189.0,72.0,1997-04-17,male
4289,1,462,462,51663.0,25.0,154.0,25,K. Knoyle,Kyle Andy P.,Knoyle,Kyle Andy P. Knoyle,Kyle Knoyle,https://cdn.sportmonks.com/images/soccer/placeholder.png,173.0,63.0,1996-09-24,male
4293,1,462,462,85184.0,25.0,,25,R. Streete,Remie,Streete,Remie Streete,Remie Streete,https://cdn.sportmonks.com/images/soccer/players/5/4293.png,187.0,,1994-11-02,male
4299,1,462,462,97609.0,26.0,149.0,25,D. Ball,Dominic,Ball,Dominic Ball,Dominic Ball,https://cdn.sportmonks.com/images/soccer/players/11/4299.png,184.0,75.0,1995-08-02,male
4307,1,462,462,7108.0,24.0,24.0,24,M. Macey,Matt,Macey,Matt Macey,Matt Macey,https://cdn.sportmonks.com/images/soccer/players/19/4307.png,201.0,96.0,1994-09-09,male
4331,1,462,462,51090.0,26.0,153.0,26,D. Redmond,Daniel,Redmond,Daniel Redmond,Daniel Redmond,https://cdn.sportmonks.com/images/soccer/players/11/4331.png,175.0,,1991-03-02,male
4335,1,462,462,53964.0,27.0,152.0,26,B. Barker,Brandon,Barker,Brandon Barker,Brandon Barker,https://cdn.sportmonks.com/images/soccer/players/15/4335.png,180.0,,1996-10-04,male
4339,1,462,462,99049.0,25.0,,25,B. Cargill,Baily,Cargill,Baily Cargill,B. Cargill,https://cdn.sportmonks.com/images/soccer/placeholder.png,189.0,87.0,1995-07-05,male
4343,1,62,62,,25.0,154.0,25,K. Mbabu,Kevin,Mbabu,Kevin Mbabu,Kevin Mbabu,https://cdn.sportmonks.com/images/soccer/players/23/4343.png,184.0,83.0,1995-04-19,male
4355,1,462,462,51090.0,27.0,151.0,27,A. Morgan,Adam,Morgan,Adam Morgan,Adam Morgan,https://cdn.sportmonks.com/images/soccer/players/3/4355.png,179.0,71.0,1994-04-21,male
4357,1,462,462,51663.0,24.0,24.0,24,F. Woodman,Freddie,Woodman,Freddie Woodman,Freddie Woodman,https://cdn.sportmonks.com/images/soccer/players/5/4357.png,188.0,83.0,1997-03-04,male
4361,1,462,462,44696.0,25.0,154.0,25,C. Randall,Connor Steven,Randall,Connor Steven Randall,Connor Randall,https://cdn.sportmonks.com/images/soccer/players/9/4361.png,180.0,76.0,1995-10-21,male
4367,1,462,462,9576.0,25.0,,26,R. Calder,Riccardo,Calder,Riccardo Calder,Riccardo Calder,https://cdn.sportmonks.com/images/soccer/placeholder.png,183.0,,1996-01-26,male
4377,1,556,556,31607.0,26.0,153.0,26,S. De Ridder,Steve,De Ridder,Steve De Ridder,Steve De Ridder,https://cdn.sportmonks.com/images/soccer/players/25/4377.png,178.0,73.0,1987-02-25,male
4379,1,462,462,36858.0,27.0,156.0,26,O. Ojo,Oluwaseyi Babajide,Ojo,Oluwaseyi Babajide Ojo,Sheyi Ojo,https://cdn.sportmonks.com/images/soccer/players/27/4379.png,177.0,64.0,1997-06-19,male
4387,1,462,462,63314.0,27.0,152.0,27,A. Campbell,Adam,Campbell,Adam Campbell,Adam Campbell,https://cdn.sportmonks.com/images/soccer/players/3/4387.png,169.0,73.0,1995-01-01,male
4397,1,462,462,33557.0,24.0,,24,R. Griffiths,Russell,Griffiths,Russell Griffiths,Russell Griffiths,https://cdn.sportmonks.com/images/soccer/placeholder.png,188.0,85.0,1996-04-13,male
4399,1,462,462,53964.0,25.0,155.0,25,C. Borthwick-Jackson,Cameron,Borthwick-Jackson,Cameron Borthwick-Jackson,Cameron Borthwick-Jackson,https://cdn.sportmonks.com/images/soccer/placeholder.png,190.0,78.0,1997-02-02,male
4401,1,515,515,,26.0,150.0,26,T. Lawrence,Tom,Lawrence,Tom Lawrence,Tom Lawrence,https://cdn.sportmonks.com/images/soccer/players/17/4401.png,180.0,75.0,1994-01-13,male
4409,1,11,462,97307.0,26.0,149.0,26,S. Goss,Sean,Goss,Sean Goss,Sean Goss,https://cdn.sportmonks.com/images/soccer/players/25/4409.png,179.0,74.0,1995-10-01,male
4413,1,462,462,9576.0,26.0,150.0,27,A. Nabi,Adil,Nabi,Adil Nabi,Adil Nabi,https://cdn.sportmonks.com/images/soccer/players/29/4413.png,175.0,68.0,1994-02-28,male
4417,1,17,17,11256.0,27.0,151.0,27,M. Mandron,Mikael,Mandron,Mikael Mandron,Mikael Mandron,https://cdn.sportmonks.com/images/soccer/players/1/4417.png,191.0,82.0,1994-10-11,male
4423,1,515,515,,26.0,153.0,26,L. Lucas,Lee,Lucas,Lee Lucas,Lee Lucas,https://cdn.sportmonks.com/images/soccer/players/7/4423.png,175.0,,1992-06-10,male
4443,1,1578,1578,,26.0,150.0,27,J. Berget,Jo Inge,Berget,Jo Inge Berget,Jo Inge Berget,https://cdn.sportmonks.com/images/soccer/players/27/4443.png,184.0,78.0,1990-09-11,male
4449,1,158,158,58681.0,25.0,154.0,25,G. Varela Olivera,Guillermo,Varela Olivera,Guillermo Varela Olivera,Guillermo Varela,https://cdn.sportmonks.com/images/soccer/players/1/4449.png,173.0,73.0,1993-03-24,male
4454,1,462,462,73429.0,26.0,,26,M. Butcher,Matt,Butcher,Matt Butcher,Matt Butcher,https://cdn.sportmonks.com/images/soccer/players/6/4454.png,188.0,83.0,1997-05-14,male
4469,1,320,320,,26.0,,26,W. Kvist Jørgensen,William Vitved,Kvist Jørgensen,William Vitved Kvist Jørgensen,William Kvist,https://cdn.sportmonks.com/images/soccer/players/21/4469.png,184.0,80.0,1985-02-24,male
4473,1,200,200,89880.0,27.0,,27,D. N'Doye,Dame,N'Doye,Dame N'Doye,Dame N'Doye,https://cdn.sportmonks.com/images/soccer/players/25/4473.png,186.0,81.0,1985-02-21,male
4485,1,462,462,51663.0,26.0,,26,M. Doughty,Michael,Doughty,Michael Doughty,Michael Doughty,https://cdn.sportmonks.com/images/soccer/placeholder.png,186.0,88.0,1992-11-20,male
4492,1,462,1161,13495.0,24.0,24.0,24,R. Fulton,Ryan,Fulton,Ryan Fulton,Ryan Fulton,https://cdn.sportmonks.com/images/soccer/players/12/4492.png,191.0,80.0,1996-05-23,male
4499,1,462,462,53964.0,,,26,L. Cole,Larnell,Cole,Larnell Cole,Larnell Cole,https://cdn.sportmonks.com/images/soccer/players/19/4499.png,168.0,66.0,1993-03-09,male
4517,1,462,462,86553.0,25.0,,25,J. Horsfield,James,Horsfield,James Horsfield,James Horsfield,https://cdn.sportmonks.com/images/soccer/players/5/4517.png,178.0,70.0,1995-11-30,male
4549,1,98,98,56136.0,25.0,148.0,25,C. Good,Curtis,Good,Curtis Good,Curtis Good,https://cdn.sportmonks.com/images/soccer/placeholder.png,187.0,85.0,1993-03-23,male
4551,1,462,1161,51663.0,24.0,24.0,24,J. Archer,Jordan,Archer,Jordan Archer,Jordan Archer,https://cdn.sportmonks.com/images/soccer/players/7/4551.png,186.0,80.0,1993-04-12,male
4561,1,462,1640,96513.0,27.0,151.0,27,K. Roofe,Kemar,Roofe,Kemar Roofe,Kemar Roofe,https://cdn.sportmonks.com/images/soccer/players/17/4561.png,178.0,65.0,1993-01-06,male
4583,1,462,462,31300.0,26.0,149.0,26,D. Barlaser,Daniel,Barlaser,Daniel Barlaser,Dan Barlaser,https://cdn.sportmonks.com/images/soccer/players/7/4583.png,184.0,62.0,1997-01-18,male
4597,1,1004,1004,11618.0,25.0,148.0,25,D. Henry,Doneil,Henry,Doneil Henry,Doneil Henry,https://cdn.sportmonks.com/images/soccer/players/21/4597.png,188.0,82.0,1993-04-20,male
4613,1,462,462,53964.0,26.0,153.0,26,J. Rothwell,Joe,Rothwell,Joe Rothwell,Joe Rothwell,https://cdn.sportmonks.com/images/soccer/players/5/4613.png,185.0,77.0,1995-01-11,male
4627,1,462,462,53964.0,27.0,151.0,27,R. Healey,Rhys,Healey,Rhys Healey,Rhys Healey,https://cdn.sportmonks.com/images/soccer/players/19/4627.png,180.0,72.0,1994-12-06,male
4628,1,515,515,,25.0,154.0,25,T. James,Thomas,James,Thomas James,Thomas James,https://cdn.sportmonks.com/images/soccer/players/20/4628.png,180.0,65.0,1996-04-15,male
4631,1,462,515,57413.0,27.0,152.0,26,G. Williams,George Christopher,Williams,George Christopher Williams,George Williams,https://cdn.sportmonks.com/images/soccer/players/23/4631.png,172.0,73.0,1995-09-07,male
